cleanText,label
nhân viên quá tệ không tư vấn khách hàng các mã giảm giá,doesn't recommend
mua máy người bảo có người bảo không,doesn't recommend
nhân viên tư vấn vô lễ vô giáo dục chửi khách cc và nói khách tiền mua không mà nên về dạy lại nhân viên dùm,doesn't recommend
thất vọng tràn trề từ sale đến kỹ thuật đến cả bộ phận xử lý khiếu nại mua laptop hơn tr về dùng được hơn tiếng hết pin video call phút máy kêu như công nông đem ra cửa hàng cho kỹ thuật kiểm tra thì nói là không có lỗi bảo thì nó,doesn't recommend
thế mua về để trưng hay sao,doesn't recommend
lúc sau lại đổ cho dòng máy này nó more nhưng không chứng minh cái máy này không có lỗi được mình yêu cầu đem máy cùng loại máy cũ hay hàng trưng bày gì gì cũng được để đem ra so sánh xem có thể chứng minh được cái máy có lỗi không nói chuyện ngang như con cua,doesn't recommend
kỹ thuật kiểu mẹ gì mà không biết cả đăng xuất máy tính còn không biết có gọi lên tổng đài khiếu nại hẹn sẽ liên hệ lại trước h nhưng có vẻ là có cái nịt khi mà mình xác định trả máy mất gần tr trong ngày và ôm lại cục tức thái độ làm việc như,doesn't recommend
từ sale đến kt đến xử lý khiếu nại trước giờ cũng mua không ít đồ ở đây nhưng sau lần này thì cúng cô hồn,doesn't recommend
thấy kinh lắm mà đ ngờ làm việc như,doesn't recommend
thái độ nhân viên cực kì tệ từ chăm sóc khách hàng đến bên kỹ thuật mình đang xem mẫu này muốn xem thêm mẫu khác không lấy là không lấy còn tỏ ra khinh khách hàng nữa chứ tư vấn thì chỉ làm cho có làm ơn hãy làm việc bằng cái tâm hệ thống cửa hàng cũng lớn mà vô không chào khách hàng nữa thái độ nhân viên rất rất tệ chất lượng laptop cũng vậy,doesn't recommend
bán hàng chỉ quan tâm lợi nhuận còn chăm sóc khách hàng như còn đưa khách hàng vào thế bất lợi,doesn't recommend
không có hàng web vẫn báo còn hàng,doesn't recommend
hàng mất seal web còn hàng mới,doesn't recommend
nhân viên tư vấn gian dối bảo thu lại điện thoại đổi mới tr sẽ được tr trợ giá nhưng thật ra chỉ và được tr trong khi điện thoại mình họ đã mở mặt sau đt zin ngoài ra tư vấn viên còn bịa đặt để hạ giá điện thoại mình xuống khi thu cũ tuy nhiên khi mình hỏi nhân viên kỹ thuật thì không hề có chuyện đó không bao giờ quay lại,doesn't recommend
mua điện thoại chưa đầy năm màn hình chỗ gập bị nguyên vệt màu đen mang ra bảo hành thì bảo lỗi này không bảo hành do dùng nên làm nó bị thế nói có suy nghĩ không thế mua về không dùng thì ngắm cho vui mắt à đương nhiên dùng thì nó mới bị thế mà dùng rất nhẹ nhàng bình thường chứ không phải do rơi vỡ gì,doesn't recommend
đọc review mơi thấy hoá ra cả cái more thống này đều có vấn đề,doesn't recommend
nhân viên thái độ còn hay đổ lỗi cho sản phẩm hề hước,doesn't recommend
rất khuyên mọi người đừng bao giờ mua ở đây,doesn't recommend
nếu đọc review khi mua sẽ không bao giờ mua cửa hàng ở nguyễn văn cừ long biên,doesn't recommend
hôm nay nhận một cảm giác thật tệ hại,doesn't recommend
công ty không có khả năng hay năng lực thì đừng có nhận đơn khách,doesn't recommend
nhận rồi thì phải làm chứ bắt từ khi liên hệ đến khi từ chối mất nguyên ngày của người ta,doesn't recommend
sau máy mới ra đừng có gọi tới để kêu đặt máy,doesn't recommend
mua một thời gian thì bị hỏng,doesn't recommend
t ra cửa hàng để sửa thì bị báo là không có tên trong danh sách khách hàng,doesn't recommend
may là còn lưu tin nhắn mua hàng dí vào mặt mới thừa nhận,doesn't recommend
ch vô trách nhiệm với,doesn't recommend
góc khó hiểu khi mua nguyên seal tại hôm nay mình mua con mới nguyên seal tại vạn phúc hà đông,recommends
tuy nhiên về mới để ý tai nghe đã bị kích hoạt từ,recommends
mình có more qua lại cửa hàng thì nhân viên đó giải thích là sản phẩm đều tính ngày kích hoạt từ khi họ nhập hàng,recommends
mình thấy điều này rất vô lý vì trước mình đã từng mua thì đều đủ ngày bảo hành,recommends
sau đó bạn bảo tất cả sản phẩm bên em bán ra đều như thế,recommends
tuy nhiên khi check các sản phẩm khác tại cửa hàng đó thì tất cả đều chưa kích hoạt,recommends
các bác cho em hỏi như vậy có nghĩa là em đã mua phải trôi bảo hành nhưng lại phải trả tiền hàng mới không,recommends
cho dù có bảo là sẽ gọi lên tổng đài apple để sửa ngày,recommends
nhưng như thế mình vẫn không thấy vừa ý khi mình bỏ tiền mua sản phẩm mới tinh nhưng nó lại không như thế,recommends
đây là hình ảnh mình mới mua lúc h tối và kích hoạt sau phút sau,recommends
chiếc tai nghe qua cửa hàng lần không đổi được dù sản phẩm lỗi lần nào qua cũng khất rồi sau khi nhân viên phải sang chi nhánh khác lấy sản phẩm nhưng vẫn tiếp tục lỗi đợi hơn tiếng đồng hồ không đổi được sản phẩm,doesn't recommend
nay là một ngày đẹp trời cho tâm trạng vui vẻ khoẻ khoắn nhưng lại phải ngồi nghĩ xem có nên chửi nhau với hệ thống bán lẻ di động toàn quốc chi nhánh xã đàn hay không ngày mình mua máy gb màu tím mộng mơ bóc seal trước mặt nhân viên ngay tại cửa hàng luôn rồi đó mà khum có miếng mơ mộng nào vì dùng được more tháng máy sập nguồn bật khum có lên mang ra s thì bảo chị mang ra chỗ điện thoại vui trung tâm bảo hành ủy quyền apple chính hãng thái hà cho nhanh đỡ mất thời gian lóc cóc mang ra tuần sau bên này báo là trung tâm bảo hành do apple uỷ quyền ở báo từ chối bảo hành vì máy có dấu hiệu bị mở vào nước ủa rồi ai more,doesn't recommend
cửa hàng nguyễn thị tú tân mình mua đồ tầm xấp xỉ tuần mình cũng đàng hoàng bán hàng cho mình là ngọc tiên khi tính tiền xong mình ra cửa mà còn nghe bạn tiên đứng ở trong chửi mình là cái bill đó của thằng chó đó nó đòi in chứ ai vậy mà có quản lý áo đen đứng đó nghe nhân viên chửi khách cũng more nói gì,doesn't recommend
nên về dạy lại nhân viên và xem xét người đứng trơ ra nghe nhân viên chửi khách thì có đáng làm quản lý của cửa hàng hay không,doesn't recommend
mình chỉ yêu cầu in bill cho mình thôi mà mắc gì chửi mình là thằng chó,doesn't recommend
mình ủng hộ cửa hàng các bạn mà sao các bạn khinh khách hàng dữ vậy,doesn't recommend
sẽ không bao giờ quay lại nữa mua đồ trả tiền còn bị chửi lúc đó có quản lý đứng đó còn không thèm nói gì thì mình có quay vô nói cũng chẳng được gì chi bằng lên đây góp ý và mọi người thấy còn hơn,doesn't recommend
chất lượng sản phẩm tốt và dịch vụ tốt,recommends
cho mình hỏi ở cửa hàng mình có k ad ơi và giá bạn vậy,doesn't recommend
luôn âm thầm theo dõi cả năm nay không bỏ video cell càng lớn mạnh đồng hành cùng cell,recommends
đánh giá rất chi,recommends
mình rất thích chỉ tiếc là không có điều kiện,recommends
quá thất vọng về chất lượng,doesn't recommend
cảm giác như bị tráo hàng quá thất vọng,doesn't recommend
không có gì để bàn cãi,recommends
rất hay và bổ ích,recommends
quá tốt so với quy định,recommends
tu sang den nao cung không ai nghe dt,doesn't recommend
bán trả góp quá đắt,doesn't recommend
b ơi cho m hỏi,recommends
g lên được chưa hả b có ổn định k,recommends
cũng khá giờ mình đang phấn đấu thành vip member thẻ thành viên ở vọng là nhiều chương trình tri ân khàng,recommends
làm ăn rất mất uy tín nhận máy sửa chữa lần không hết lỗi càng sửa càng nghiêm trọng,doesn't recommend
đặc biệt là việc nhận ào ào rồi đến ngày hẹn lấy máy thì báo chưa check kỹ lại lùi ngày để xem lại vẽ thêm lỗi cái này cực kỳ ghét,doesn't recommend
thề không bao giờ lại và sẽ tổ chức bóc phốt cửa hàng này,doesn't recommend
mua ở đây rất an tâm nhân viên tư vấn nhiệt tình,recommends
chưa kiểm tra gì đã bung máy ra,recommends
máy hỏng giá nẻo,recommends
lắp lại thì mất rung,recommends
bỏ k ra thay pin,doesn't recommend
để nhận về hỏng loa trong và viên pin còn tệ hơn cả viên pin cũ,doesn't recommend
liên hệ thì đùn đẩy trách nghiệm các thứ chán chả buồn nói nữa,doesn't recommend
làm ăn kiểu ôm con bỏ cho khách lên đời máy hay mua đi bán lại lần duy nhất bán xong là mày bú buồi ông hoàng kiên ý,recommends
mọi người chú ý mua máy mới còn nguyên seal hay không,doesn't recommend
shop bán điện thoại đã qua sử dụng sau khi xóa trắng lừa rồi khách hàng,doesn't recommend
thắc mắc thì không trả lời mong shop sớm làm ăn thua lỗ hình ảnh mới mở máy lên đã có trong khi đó chưa cài đặt gì,doesn't recommend
cửa hàng làm ăn bố bảo hành cho khách,doesn't recommend
không biết chất lượng sản phẩm ra sao nhưng tác phong phong cách phục vụ quá bao giờ quay lại lần,doesn't recommend
shop uy tín hàng chất lượng nhân viên phục vụ tốt sẽ ủng hộ tiếp,recommends
phục vụ kém nhắn tin gần ngày không thấy shop nào trả lời cả shop luôn ấy,recommends
chắc chắn không quay lại lần,recommends
bán hàng như lừa đảo bán xong cái quay ra thay đổi độ,doesn't recommend
tư vấn online chậm không nhiệt tình,doesn't recommend
mới mua được mấy hôm xong tự bắt khách thay pin trả tiền mình gọi đến tận quản lý mới đồng ý thay cho khách,doesn't recommend
trước khi đi mua thì nói như hát hay bảo sau có thu mua lại xong giờ nhắn lại bảo không mua nữa,doesn't recommend
tư vấn quá chán đt gọi thì không ai lúc gọi lại thì đùng đẩy qua lại không chịu tư vấn trách nhiệm đặt máy cho đã gọi nói không thấy với tên bó tay rồi kêu đưa tiền ship k trước ủa z ròi s kiểm tra máy mà đưa tiền trước chính sách gì kì z,doesn't recommend
đầu tháng đi ép kính con note,doesn't recommend
ép hỏng màn mãi thêm cho mình cái nịt đến là bực,doesn't recommend
lừa đảo máy móc hàng đểu dịch vụ thì kém,doesn't recommend
trải nghiệm mua máy và thay sửa ở mc ngày mình có mua điện thoại ở đây và tối đến mình có ra thay pin cũng như dẫn bạn mình ra ép kính s luôn,doesn't recommend
lúc mình đưa máy thì ngoài việc mất true tone more máy không có lỗi gì,doesn't recommend
màn hình k bị hở sáng,doesn't recommend
lúc cầm máy về mình cũng chủ quan vì nghĩ thay pin nên chắc không ảnh hưởng đến màn nên chỉ test chuông và tết qua màn,doesn't recommend
nhưng đêm về tắt hết điện thì mình mở độ sáng cao lên thì phát hiện màn có mấy chỗ bị hở sáng và chuyện không may bắt đầu từ đây,doesn't recommend
và vì cũng muộn nên mình ngày mai mới nhắn hẹn ra kiểm tra,doesn't recommend
trưa nay tức ngày mình có qua để hỏi thì người ta cũng giúp đỡ và kiểm tra giúp mình,doesn't recommend
sau mấy lần sửa thì gần more,doesn't recommend
điện thoại chất lượng kém vừa hết bảo hành thì hỏng màn hình khuyên gia đình người thân đừng bao giờ mua hàng ở đây,doesn't recommend
làm ăn vớ vẩn mua máy ở đây xong muốn bán lại đổi máy khác không hỗ trợ thu mua lại,doesn't recommend
đéo hiểu thế lag thế nào hay không tin tưởng máy của chính mình bán ra,doesn't recommend
đi mua đt mà bắt đi gửi xe trong khi có thể để thêm được chiếc bên ngoài bảo vệ vẫn có thể trông,doesn't recommend
khỏi muốn vào nữa luôn,doesn't recommend
xem đánh giá thì toàn thấy nhiệt tình chắc ra cửa hàng thì vậy chứ bộ phận online toàn trả lời tự động hỏi cũng như không copy lặp đi lặp lại,doesn't recommend
rất muốn mua hàng mà hỏi cái gì cũng bảo đã lưu thông tin sẽ liên hệ thì mua kiểu gì,doesn't recommend
shop không nhắc tới dán cường lực cho giá m mua về rút ra xong bán lại bà con cẩn thận làm ăn cợt nhả đó mất thêm tiền,doesn't recommend
shop rất nhiệt tình tư vấn rất nhanh nếu các bạn có bạn nào cần hỏi thì nhắn tư vấn trên nha shop trả lời là ngay lập tức rất ưng nha,recommends
tư vấn online dài dòng không trả lời đúng câu hỏi làm tốn thời gian của khách hàng,doesn't recommend
hỏi trên trang kêu có đến cửa hàng thì kêu hết chỉ còn lại đắt hơn hỏi lại cửa hàng vẫn kêu không có,doesn't recommend
về phản ánh lại bên trang chỉ xin lỗi và không đưa ra bất kì hậu mãi nào thêm như tới tận nơi lấy máy nay thì mưa,doesn't recommend
mua rất nhiều máy ở đây rồi cảm thấy rất hài lòng về chất lượng và chính sách bảo bạn bán hàng rất nhiệt tình,recommends
tư vấn nhiệt tình sản phẩm chất lượng tốt,recommends
shop quá nhiệt tình anh kỹ thuật cực kỳ chu đồng tiền bát gạo mọi người ạ,recommends
chăm sóc không quá tệ nhắn tin page và cmt hỏi không trả lời gọi thì không được,doesn't recommend
suốt ngày share bài linh tinh chứng tỏ cũng không phải bận bịu gì nhiều mà có cái tin nhắn khách hỏi tư vấn cũng chậm nhắn toàn thấy tin nhắn tự động trả lời k thấy mặt mũi nhân viên đâu,doesn't recommend
mua máy ở đây mấy lần rồi thấy nhân viên bán hàng thì tốt mà bộ phận online chán khỏi bàn luôn,doesn't recommend
mình khá hài lòng khi sử dụng dịch vụ ở đây nhân viên nhiệt tình chất lượng máy tốt,recommends
thay pin thay màn xong mất vân tay đem qua bảo hành thì nhân viên bảo vân tay ẩn đòi k chán chi nhánh trần quang khải bên quản lý đt kêu lên sửa trước mặt cho xem nhưng đem lên nó giả bộ đem vào phòng bắt đợi tiếng xong đem ra nút hôm bấm đéo ăn luôn tui bây nói máy tao bể màn lúc không kiểm tra được thì tui bây bật camera ngày giờ more nhận máy vân tay lúc đó vẫn còn dùng được ngày mất luôn nút hôm lúc được lúc không thai pin về dùng rất nóng và tốn pin thay cáp sạc thì thay đồ cũ cho khách chập chờ lúc ăn lúc không tiếp tân cố tình làm khó và kho hiểu gì về máy nói chuyện rất khó nghe,doesn't recommend
cửa hàng rất đông khách chất lượng phục vụ nhiệt tình sẽ quay lại và giới thiệu,recommends
chăm sóc khách hàng chán các bạn lắm,doesn't recommend
nhờ hỗ trợ thì này nọ,doesn't recommend
nhân viên nhiệt tình chất lượng dịch vụ tốt,recommends
nhân viên nhiệt tình chất lượng máy tốt,recommends
nhiệt tình lịch sự chu đáo,recommends
mua con hổ vằn đổi lần cái vẫn lỗi,doesn't recommend
dùng không được nổi tháng,doesn't recommend
hết lỗi nọ đến lỗi kia chán luôn,doesn't recommend
cửa hàng mình nên xem lại lô hàng nhập,doesn't recommend
nhân viên hỗ nhiệt tình chất lượng dịch vụ tốt sẽ ủng hộ shop lâu dài,recommends
toàn để giá ảo đến shop thì hướng sang máy khác nhắn tin hàng tháng không trả lời,doesn't recommend
nhân viên nhiệt tình chất lượng sản phẩm tốt,recommends
tặng ngay dao thẻ atm cực chất cho khi mua bật lửa độc lạ tại shop,recommends
com đặt mua trực tiếp tại web được luôn nhé,recommends
nếu không muốn mua hàng mà vẫn muốn được tặng chỉ cần đánh giá cho sản phẩm share lên shop sẽ tặng miễn phí cho một cặp dao atm,recommends
nhớ chụp ảnh nhắn qua cho shop để được tặng,recommends
thế giới đồ chơi công nghệ thông minh tiện ích bật lửa độc thế giới đồ chơi công nghệ thông minh tiện ích bật lửa độc thế giới đồ chơi công nghệ thông minh tiện ích bật lửa độc,recommends
nhân viên tư vấn nhiệt tình,recommends
mua t cách đây năm khi mua được miễn phí dán chống xước các bạn hứa hẹn a sang thay chống xước thì e thay đến nay sang thì k nhận bảo xuất hóa đơn a cầm về r dữ liệu thì xóa thông tin khách hàng lấy lí do hệ thống,doesn't recommend
trải nghiệm lần và không bao giờ quay trở lại,doesn't recommend
thay kính t xong nhân viên kĩ thuật làm hỏng màn zin,doesn't recommend
nhân viên nhiệt tình chu đáo hỗ trợ tốt,recommends
than màn hai ngày thì hỏng trong khi không va đập không tì đè gì lỗi màn,recommends
qua sửa thì bảo tì đè hỏng màn ủa đã bảo là không tì đè rồi,recommends
lóc cóc đi về coi như đổ lỗi cho khách hàng màn được hai ngày v,recommends
thay pin f thì thay xong sập nguồn sau tháng thì từ sạc đầy về trong p r sập nguồn,doesn't recommend
mua máy mới thì đợi tiếng mới có máy và thanh toán xong,doesn't recommend
đã mua máy ở đây rất uy tín và chuyên nghiệp,recommends
hỗ trợ nhiệt tình nhân viên thân thiện sao,recommends
đăng tin nhảm nhí quá nhiều,doesn't recommend
minh mơi ma con x được ngày do không sử dụng đến mình muốn trả mà bên mobile không hỗ trợ thu hồi sản phẩm của minh,doesn't recommend
mọi thứ đều hết nhé mn,recommends
fan page đăng vớ vẩn,doesn't recommend
không liên quan điện thoại,doesn't recommend
vừa mới tậu em lock g gold,recommends
nghe nói nhiều về mc cũng chuẩn bị tâm lý test máy kỹ,recommends
mà hơi bị bất ngờ vì được mấy chị bán hàng xinh đẹp tư vấn rất nhiệt tình,recommends
mua luôn cả rơi vỡ luôn có cái ốp lưng được tặng thế là nhìn không luôn,recommends
like cho mc nhé sẽ còn ủng hộ tiếp,recommends
để giá rất rẻ và có hàng,doesn't recommend
qua cửa hàng hỏi nhân viên trả lời tạm hết hàng,doesn't recommend
mình mới qua cầu giấy mua s anh quản lý tư vấn tình mà chiều khách nữ ghê d chỗ để xe cửa hàng mà thông thoáng với có bảo vệ thì tuyệt vời luôn vote mạnh,recommends
mức giá bán tại cửa hàng rất tuyệt,recommends
một địa chỉ uy tín để mua hàng,recommends
cảm ơn các bạn đã hướng dẫn nhiệt tình trong việc tư vấn máy cũng như up rom cho máy note x mua tại cửa hàng ạ,recommends
nhắn tin không ai tl,doesn't recommend
máy ở đây không đúng với sản mà cửa hàng quảng cáo ra cửa hàng xem thì hết hàng,doesn't recommend
chả hiểu bán hàng kiều gì gọi điện thoại bảo có mà đến cửa hàng bảo không có quá chán,doesn't recommend
nhân viên rất nhiệt tình và chu đáo k biết thế nào vì mới mua được hơn tháng nhưng cảm thấy rất hài lòng về thái độ phục vụ của mc,recommends
thái độ của nhân viên phục vụ tại mobile city rất thiếu chuyên nghiệp,doesn't recommend
mình gọi dt hỏi con lock gb còn hàng không thì bảo còn,doesn't recommend
đến mua thì nhân viên lại bảo chỉ còn loại thôi,doesn't recommend
cảm thấy rất ức chế,doesn't recommend
đã thế thái độ của nhân viên nữ còn tỏ ra rất khó chịu,doesn't recommend
ghé qua cửa hàng này nữa,doesn't recommend
thích điện thoại lắm chẳng có tiền mua,recommends
duyệt qua mấy bài thấy nhiều quá,recommends
thôi cho để bù lại,recommends
ước gì mc cho con về để dùng,recommends
mình đặc mua lock gb mà nhắn mãi không thấy trả lời,doesn't recommend
không biết chất lượng ra sao nhưng trước mắt thấy rất thiếu chuyên nghiệp,doesn't recommend
đã từng mua tại ưng về chất lượng và cách phục vụ,recommends
chúc mc năm mới thành công rực rỡ,recommends
đã từng mua và dùng rất tốt tuyệt vời nice very good i like it,recommends
bên mc mà có chế độ hỗ trợ khách hàng thu mua máy và hỗ trợ khách hàng lên đời máy nữa thì tuyệt vời đặc biệt là các sản phẩm,doesn't recommend
hàng rất độ bảo hành cả hợp lý và nhân viên tư vấn nhiệt thương,recommends
mình và anh trai mình đã đến đây và mua nhiều sản phẩm của mc,recommends
chất lượng máy tốt và thái độ phục vụ của các bạn nhân viên rất nhiệt tình và cởi mc luôn phát triển và thành công,recommends
máy vừa sửa xong đến lấy thì bung nắp lưng gắn lại về nhà vẫn tiếp tục bung,doesn't recommend
không biết sửa kiểu gì mà hỏng thêm cả màn hình không biết thật hay là lí do để luộc đồ,doesn't recommend
phiếu bảo hành thì ghi sai tên máy,doesn't recommend
thái độ phục vụ nhân viên rõ chán,doesn't recommend
mọi thứ đều tuyệt vời,recommends
nhân viên thân thiện nhiệt tình tư vấn,recommends
ưng cái bụng chấm bút sao,recommends
mong của hàng luôn nhiệt tình với khách hàng như vậy,recommends
nếu có sao chắc mình cho luôn,doesn't recommend
nói thật câu các bạn làm ăn thái độ rất lịch sự nhưng mà chuyên môn với chất lượng thì quá kém mình xin phép không dùng từ bố láo,doesn't recommend
thay kính lúc đầu kêu vỡ biết không phải thay xong sau thì kêu phải thay mất k,doesn't recommend
khách không thay nữa thì mãi không trả máy lại rồi bắt khách đi bộ qua lấy cũng chẳng more lắp lại máy cho khách,doesn't recommend
làm ăn không đặt cái tâm cái đức vào thì không bao giờ tốt được đâu các bạn ạ nói vậy cũng đủ hiểu không bao giờ mình tin tưởng và nghĩ đến mobile city khi quyết định mua hay sửa chữa điện thoại nữa dù mình rất lịch sự và dễ tính rồi thân,doesn't recommend
tuyệt vời ông mặt trời,recommends
mình mất tiền mua miếng dán cường lực hết k thì được tặng cái ốp lưng,doesn't recommend
nhưng mà không biết shop cố y hay vô ý mà bán cho mình cái cường lực không vừa máy tý gì quá bé so với màn hình còn cái ốp lưng thì thà không tặng còn hơn cũng không vừa và quá bé,doesn't recommend
nói chung là cái cường lực và ốp lưng hoàn toàn của máy khác,doesn't recommend
dán cái cường lực chỉ làm mất thẩm mỹ của máy mình,doesn't recommend
mong shop sớm phản hồi để mình còn biết,doesn't recommend
mình rất thích cửa hàng cầu giấy nhân viên nhiệt tình vui vẻ,recommends
sẽ ủng hộ dài dài,recommends
đặc biệt cảm ơn bạn nhân viên tên đạt đã nhiệt tình tư vấn hỗ trợ kỹ thuật,recommends
hàng rất chất đã mua con ở mc rất hài lòng chất lượng máy,recommends
bên mobile city làm ăn khá tốt đi sửa máy bên đây cũng hỗ trợ tận tình và hỗ trợ giá nhân viên chu đáo tận tình,recommends
trước có mua máy không hiểu sao bị lỗi các anh chị rất nhiệt tình đổi máy khác cho mình ngay mặc dù máy đã quá thời gian bao test vài hôm nhưng vẫn linh động thật sự cảm thấy rất hài lòn,recommends
vừa mua con ở đây,recommends
máy rất ok nhân viên tư vấn nhiệt tình nữa,recommends
lần sau chắc chắn sẽ còn ủng hộ dài dài,recommends
mặt tư vấn và support khá ok có bạn tư vấn khách hàng rất nhiệt tình,recommends
marketing rất tốt cho cửa hàng uy tín nhân viên nhiệt tình tư vấn khách hàng có thể gửi gắm niềm tin,recommends
vừa rồi có đem cái máy mua ở chỗ khác đến cài lại room,recommends
tôi thấy rất hài lòng mb làm ăn rất uy tín,recommends
mình có mua con mi ở đây cho cô thời gian có hiện tượng loạn cảm ứng rồi hiện chấm màu trên màn hình,doesn't recommend
mang ra cửa hàng bảo hành thì thái độ của nhân viên khá khó chịu,doesn't recommend
chả hiểu nhân viên ở đây coi khách hàng ra gì nữa,doesn't recommend
tôi có mua con a tại trần quang khải,recommends
tôi cảm thấy hài lòng,recommends
nhân viên rất vui vẻ nhiệt tình,recommends
khâu chăn sóc khách hàng tốt,recommends
mình đã mua mấy chiếc ở cửa hàng cho mình và người thân,recommends
mình thấy chất lượng rất ok nhân viên rất thân thiện chu đáo,recommends
bên mình có ship về vinh không ạ em muốn mua máy lock ạ,recommends
bên mình có hỗ trợ trả góp cho máy cũ mình rất thích chế độ này vì không phải ai cũng có tiền mua máy mới,recommends
chất lượng sản phẩm của mc rất tuyệt vời,recommends
chúc mc làm ăn phát đạt,recommends
thật tình cũng muốn cho mc lắm nhưng thật sự thất vọng về mấy cái mớ phụ kiện theo cây note vừa mới mua mình biết mua máy cũ thì sẽ không bằng máy chính hãng nhưng trên web thì để đường đến khi nhận hàng thì chuyển tiền xong thì được báo là không có sạc nhanh sau khi mình dẫn chứng vòng vo mới được cục sạc và đỗ cho trương trình km more nắm bắt kịp cái này mình không tin vì mình mua ở mc lần này nữa là cũng máy rồi,doesn't recommend
mình đã đồng ý là bên shop báo bên shop hết hộp note thì mình sẽ lấy gậy nhưng những món phụ kiện như tay nghe que chọc sim này kia đăng trên web ít nhất cũng phải có đằng này khui ra không có gì hết ngoài cục sạc dt cho nhân viên thì trả lời là không more,doesn't recommend
có con mua tr cả nói cả nguồn và màn hình mà khi mình mang đến pin hết chạy này nọ rồi quay sang thay pin,recommends
báo thay pin rồi mình nhận máy biết ngay là chưa mở máy ra chứ đừng nói là thay pin,recommends
đùa chứ mua máy ở đấy ở nên tận mua máy đi lần cảm thấy ức chế thật mua tháng năm more tháng mua con x thật sai lầm,recommends
cửa hàng khá to và nhiều chi nhánh có cả review,recommends
nản bên cửa hàng đã có phản hồi mình sẽ gửi máy nên trong ngày và hi vọng sẽ hài lòng khi nhận máy,recommends
giá cả rất tốt rồi nhưng cần phải cải thiện dịch vụ mua hàng online bằng hình thức ship nếu sợ khách hàng không lấy hàng thì lúc đặt hàng mc nên lấy trước số tiền ship để khách hàng ít mua online được an tâm hơn,recommends
mc ơi tôi ở huế đã theo dõi kênh rất thích các bạn review nhưng ở xa quá tôi muốn mua máy thì phải làm thế nào,recommends
tuy cửa hàng quảng cáo khá tốt trên nhưng khâu bán hàng và chăm sóc khách hàng lại kém nên chấn chỉnh lại nếu ok sẽ hẹn gặp lại,recommends
cố gắng làm tốt hơn nữa nhé,recommends
chúc mc luôn đông khách,recommends
hiện tại rất hài lòng về sản phẩm đã mua,recommends
rất ghét cái kiểu đăng lên web xong ra thì không có hàng,doesn't recommend
website như để làm cảnh chẳng cập nhật hàng còn hay hết,doesn't recommend
mi đề giá rõ rẻ nhưng không bao giờ có hàng giá đề mặc định cực rẻ câu khách là giá của màu đen mà màu đen bới cả hà nội cũng chẳng có thì đề làm gì,doesn't recommend
xem trên web thấy còn hàng,doesn't recommend
gọi điện hỏi thì bảo là hết hàng đã thế giá thì giảm liên tục tưởng sẽ mua được cái về dùng,doesn't recommend
làm ăn thế thì làm làm gì,doesn't recommend
vừa mua mi ở mc cầu giấy nói chung nhân viên phục vụ nhiệt tình mấy anh kỹ thuật hăng hái up rom cho khách và giả quyết thắc mắt rất tận tình mình rất thích,recommends
chúc mc làm ăn phát đạt,recommends
nhân viên kĩ thuật tầng ghét thế kb,doesn't recommend
không thích mua hàng từ xa mà phải chuyển tiền tiền trước cho lắm khi nào quảng ngãi có chi nhánh sẽ ủng hộ,doesn't recommend
ok cửa hàng làm ăn rốt tốt,recommends
nhân viên rất nhiệt tình và chu đáo,recommends
mình mua con mi ở đây cũng được mấy tháng rồi rất ok cố gắng phát huy nhé,recommends
chúc cửa hàng làm ăn phát đạt,recommends
có dịp mình lại mua tiếp,recommends
mỗi tội quên k lắp ốc,recommends
chế độ hậu mãi tốt,recommends
đi từ thái nguyên xuống mà hỏi máy gì cũng k có,doesn't recommend
đúng kiểu treo giá rẻ hơn nhưng ảo k có hàng bán,doesn't recommend
vô cùng thất vọng vụ tăng giá blackberry passport bản pháp,doesn't recommend
mua chục máy ở đây,recommends
buồn trĩu lòng không có tiền mua máy ủng hộ shop,recommends
máy của anh em chẳng biết bị gì anh chỉ dặn mang qua thái hà bảo các anh kỹ thuật hỗ trợ không mất phí về anh em vui lắm cảm ơn,recommends
sau khi được anh quản lý nhiệt tình giúp đỡ thì vấn đề đã được giải quyết cảm thấy khách hàng được coi trọng,recommends
rất hài lòng với chất lượng sản phẩm tuy nhiên cần cải thiện chính sách giao hàng đi xa,recommends
chúc ngày càng phát triển mở rộng tới đà nẵng thì càng tốt,recommends
không biết các bộ phận khác,doesn't recommend
nhưng tư vấn thì quá tệ,doesn't recommend
tay nghề kĩ thuật viên quá con m qua thay pin lúc ráp lại vỏ hở tìm lum lại còn keo vào nữa cho sao là đã quá hào phóng với các bạn rồi,doesn't recommend
hôm nay đến chi nhánh cầu viên bán hàng khá nở hơn nhưng kiến thức hơi hạn bác kỹ thuật thì m vẫn thích thái hà rất ấn tượng với quả tv hàng nên bổ sung thông tin về dòng tv này,doesn't recommend
đặt trước hôm bảo chuyển phí k cho mc,doesn't recommend
rồi lại bảo không chuyển phát đi xa được do s đen và trắng màn hình ám vàng sợ khách trả trong khi mình sẵn sàng chuyển tiền,doesn't recommend
bảo giữ giúp mình s màu đen g ở đó đến ngày mình qua lấy,doesn't recommend
ok em sẽ bảo kĩ thuật check và giúp anh,doesn't recommend
đến gọi đến bảo còn more vàng màu đen hết rồi tôi quan trọng chất lượng chứ không phải vì cái màu vàng mà phải bỏ thêm,doesn't recommend
bảo giữ máy s đen cho mình từ hôm qua mà đến chưa đến ngày hẹn lấy được đã báo hết,doesn't recommend
thế là các ông bán máy tôi đặt hôm trước cho người khác rồi còn gì,doesn't recommend
làm ăn kiểu gì vậy,doesn't recommend
mất công mất buổi thế thì sinh ra dịch vụ bán hàng từ xa rồi đặt hàng trước làm mẹ gì,doesn't recommend
cứ thằng nào đến trước bán trước cho nhanh chứ gọi điện đặt hàng các kiểu làm gì,doesn't recommend
thái độ bảo hành kem và chất lượng máy quá kém,doesn't recommend
mình mua em lock,doesn't recommend
được hơn tháng thi bị nỗi dưng dùng bị sập nguồn va bị nỗi màn hinh,doesn't recommend
sang sửa chưa báo giá sử triêu mốt luôn minh đem ra ngoai sưa k dùng ngon cha sao,doesn't recommend
em có đến mua hàng của mobile city lần,recommends
lúc vào bác bảo vệ khá niềm nở với khách chỉ cho em chỗ đỗ xe và cố gắng tạo chỗ đỗ xe cho em vì cửa hàng khá đông,recommends
nhưng đến vào cửa hàng lại khác nhân viên bán more không hề niềm nở không cười dù chỉ mộ lần thái độ nhân viên không tốt có vẻ là mua cũng được không không mua thì thôi vậy,recommends
em mong mobile city chấn chỉnh lại phong cách bán hàng,recommends
em cũng hiểu là hôm em mua trời hà nội rất nóng lại gần về trưa mọi người rất mệt nhưng đó không phải là lý cũng phải nói máy mua ở chất lượng tốt chưa có lỗi gì cũng như chưa phải bảo hành lần nào,recommends
nhiệt tình chu đào với khách hàng,recommends
mình muốn mua em lock nhật xem có tr đến sáng nay xem thì nên tr,doesn't recommend
mình có gọi cửa hàng nhưng lại bảo k còn hàng,doesn't recommend
mà xem trên vẫn báo còn hàng,doesn't recommend
shop xem xét hộ mình nhé,doesn't recommend
nhân viên k được tận tình cho lắm,recommends
sinh viên đến mua thái độ chưa,recommends
web uy tín chất lượng tốt,recommends
nhân viên nhiệt tình chu đáo chế độ bảo hành rất chính là nơi để trao chọn niềm tin,recommends
không biết bên cửa hàng có nhập lại máy không nhỉ tháng năm nay mình có mua của cửa hàng em lock gold g,recommends
nay muốn bán lại thì giá được bao nhiêu nhỉ,recommends
được bác chủ khá là dễ thương và lịch sự,recommends
đa chất lượng giá lại tốt,recommends
mình muốn mua cũ ở đây nhưng kb chất lượng thế nào vì nhiều hàng dựng qua mn cho ý kiến ạ,recommends
chất lượng phục vụ chu đáo,recommends
định mua máy ở,doesn't recommend
đánh già thì hơn đánh giá không tốt,doesn't recommend
hy vọng mình chọn không nhận nhầm hãng,recommends
muốn mua v online thì thế nào ạ k được test tận tay nên lo ngoại hình k được,doesn't recommend
và chính sách bảo hành cho người ở xa thế nào vậy a,doesn't recommend
hôm vừa rồi mình có ghé cửa hàng ở mua mi s máy sài hiện tại vẫn cũng ấn tượng với cô bạn tư vấn bán hàng nói chuyện dễ thương rất nhiệt tình nhớ tên bạn gái đó tên tú,recommends
trên cả tuyệt vời,recommends
chán shop quá bảo gửi cho em cái dán cường lực về không gửi lại gửi miếng dán thường tặng rồi tặng luôn cái đi chứ,recommends
mới ra cửa hàng mua hàng,recommends
thấy rất tốt về nhiều mặt,recommends
sẽ giới thiệu cho nhiều bạn bè đến đây mua hàng,recommends
mà a người lạ nhìn cũng gầy nhỉ,recommends
mình mua cây s tại chi nhánh cầu giấy nhân viên chu đáo thân thiện mình cũng mua thêm gói bảo hành tháng chỉ k được tặng luôn gậy chụp ảnh với ốp lưng,recommends
người nhà giới thiệu và đang dùng ngon lành em gb,recommends
nói thiệt chưa gặp cửa hàng nào tệ như vầy thái độ của nhân viên khi thấy khách mua hàng hỏi trả lời giống kiểu không cần khách vậy,doesn't recommend
tư vấn online bận mà đến nơi thấy toàn ngồi chơi gọi điện thoại để hỏi còn hàng k thì máy bận đến lúc đổ chuông gọi cả chục cuộc không ai bắt máy đến nơi thì bảo là hết hàng không có vậy cho hỏi không có thì dán chữ hết hàng lên cho người ta biết chứ làm gì mà phải giảm giá điện thoại để thu hút khách,doesn't recommend
người nhà giới thiệu và đang dùng ngon lành em gb d,recommends
trả lời khách trên page và web quá chậm,doesn't recommend
máy ok mua con s quăng quật gần năm rồi vẫn chưa hỏng để lên đời s,recommends
trang rất tuyệt vời rất thân thiện luôn cmt của mn cảm ơn đã tạo ra page này rất hữu ích chúc mc pt hơn nữa bay xa hơn nữa,recommends
có triệu nên mua hay lock nhỉ tiêu chí dùng năm nữa,recommends
thay màn hình z mang về không bật được camera gọi hỏi bảo hỏng camera và cửa hàng đang hết,doesn't recommend
mang ra thay thì họ bảo main z bị chọc ngoái hỏng hết không phải tại camera,doesn't recommend
cái màn hình mới thay thì đốm sáng lung tung,doesn't recommend
bị mấy thằng lừa đảo điên hết cả tiết,doesn't recommend
nhân viên bên nói chuyện rất dễ thương thái độ phục vụ thoải mái dễ chịu,recommends
sẽ ủng hộ dài dài,recommends
giá luôn rẻ nhất chất lượng vẫn đưa lên hàng đầu,recommends
có cách nào hạ xuống không các anh ơi,recommends
rất tốt cần phát triển hơn nữa về giao diện,recommends
mình không hài lòng về bản rom mà bên mc cài sau khi cài lần với số phiên bản rom cho note thì nó vẫn thế,doesn't recommend
vân tay dùng được mấy ngày thì chết ngủm luôn khởi động lại máy mới dùng được,doesn't recommend
chán chẳng muốn ra cài lại máy,doesn't recommend
cạn lời tha thu lời luôn còn phần còn lại thì ổn,doesn't recommend
muốn đặt em note bên shop mà nghe mấy bài đánh giá của mọi người về shop nên đành thôi mua máy đã thế lúc bảo hành chắc k khác mình đi ăn xin shop,doesn't recommend
lúc đầu thấy thái độ nhân viên bán hàng mình cho r nhưng khi đó lại có a tuấn nt cho mình xin lỗi về thái độ của nhân viên mình thấy rất thoải mái nên vote cho các bạn chúc mc ngày càng làm ăn phát đạt và thực hiện đúng những gì mà các bạn đã hứa với khách hàng,recommends
thích nhất cái hỏi ngay đáp luôn của cửa hàng rất bổ ích,recommends
chúc cửa hàng làm ăn phát đạt hẹn lần sau tiếp tục được mua hàng ở,recommends
mua hàng ở đây ổn không các bác thấy anh em tin tưởng nhiều nhưng chưa mua chưa tin bố con thằng nào cả v,recommends
xem cái giá thay kính zen thấy ghi rõ ràng là k tưởng rẻ ai ngờ mang máy về cầu giấy thì họ bảo là giá đó là giá thợ nhập bảo giá chính thức là k thay màn thì bắt chờ lâu còn chậm hẹn p nhớ đời,doesn't recommend
mua em cho người nhà ở xa vẫn đang dùng rất ổn mc,recommends
lần trước qua sửa màn hình điện thoại lúc trước khi đi vào web xem giá lỗi màn hình của mình sửa hết k vậy mà đến nơi báo lỗi y như vậy và tính giá k,doesn't recommend
sau đó bảo mình ra ghế ngồi chờ sau khi chờ được mình hết kiên nhẫn nhắc nhân viên bao giờ mới đến lượt mình thì nhận lại được câu chị cứ chờ thêm đi,doesn't recommend
lúc đó mình khó chịu quá rồi more bảo định cho chờ đến bao giờ thì lúc đó nhân viên mới lấy máy và nhận sửa cho mình,doesn't recommend
và tất nhiên hôm đó không phải chỉ mình mình ngồi chờ mà rất nhiều khách khác cũng trong th như mình,doesn't recommend
cuối cùng h sáng đi sửa và được hẹn h chiều mới lấy máy,doesn't recommend
đề nghị chủ hàng xem lại giá cả trên web cũng như cách hành xử của nhân viên,doesn't recommend
các bạn tư vấn rất nhiệt tình quan tâm đến mọi vấn đề của khách hàng chúc các bạn bán hàng doanh thu cao nhé,recommends
mc làm ăn rất rất thích,recommends
đã mua và sử dụng ở mobile city,recommends
nhận xét thật lòng cho các bác chưa mua hàng ở đây,recommends
cửa hàng tốt mọi thứ đều chỉ trừ mấy bạn nữ nhân viên tư vấn ở tầng,recommends
quá lạnh nhạt với khách hàng tư vấn k nhiệt tình,recommends
còn bộ phận kĩ thuật tầng thì tuyệt vời,recommends
k thể chấp nhận được kiểu làm ăn kinh doanh của mc nữa mc bán hàng dựng mc làm ăn thất đức treo đầu dê bán thịt chó khách bỏ tiền mua lại bán máy lock dựng làm ăn kiểu này thì không trụ được lâu đâu bực mình,doesn't recommend
rất tốt giá lại rẻ,recommends
tốt thật có trách nhiệm cao,recommends
rất hài lòng chúc shop thành công,recommends
quá tuyệt vời cho em note xách tay mới mua ở đây,recommends
được mấy em tư vấn nhiệt tình hỏi các kiểu đều ok hết,recommends
ngồi test máy cả buổi mà các em ý vẫn vui tươi,recommends
mới mua chưa biết máy dùng thế nào nhưng thái độ phục vụ rất tốt,recommends
chúc các bạn đắt hàng,recommends
cần tư vấn mua trả góp,recommends
mua máy bên mc đã gần tháng nay rồi mà chưa thấy xuất hiện một lỗi gì chúc mc là ăn phát đạt bán nhiều máy hơn,recommends
có những cửa hàng chấp nhận hạ lãi suất và bán giá mềm như thì mình mới có để dùng,recommends
máy dùng rất ổn định mình rất hài lòng với cách phục vụ của,recommends
mới mua con mi thái độ nhân viên tư vấn nhiệt tình tốt nhưng đang đợi nhận hàng khi nào nhận được hàng mình sẽ báo và sẽ cho ý kiến riêng của mình,recommends
rẻ mà chất lượng thật,recommends
dùng gần tháng rồi vẫn thấy ổn định,recommends
lock gb giảm giá liên tục nhưng chỉ là giá ảo,doesn't recommend
gọi đến thì báo hết hàng liên tục,doesn't recommend
vừa mua hôm tặng sạc cáp,recommends
máy good mà mấy e bán hàng vui vãi,recommends
các bác đã mua máy ở đây chưa cho ý kiến với xem trên kênh thì được vote khá nhiều,recommends
vừa dán cái cường lực chỗ cửa hàng cầu giấy xong thấy mấy e ở đó cũng khá nhiệt tình chu đáo,recommends
cái e mà vừa dán máy cho a xong đấy mà có đọc được thì a khuyên e nên mua thuốc uống đi nhá bị ốm thế mà lây qua cho khách là không nên đâu,recommends
shop cố gắng nâng cấp lần sau tôi đến nên có người xe đi ra có người lấy xe hộ sẽ tốt hơn chú bảo vệ già và không nhanh nhẹn cho lắm,recommends
mua cái lock về không dùng được hôm sau ra đổi lấy bản quốc tế không cho đổi kêu không có chính sách chán về vứt xó tuần chưa thèm động chạm,recommends
và cuối cùng đã rất nhiệt tình chủ động liên hệ tạo điều kiện tốt nhất để giải quyết vấn đề cho khách hàng hài lòng,recommends
mặc dù giá của bên mình cao hơn nhiều chỗ nhưng đến thời điểm này m thấy cũng xứng đáng để mua giá cao hơn bởi chế độ hậu mãi rất tốt,recommends
nhắn tin hỏi về vấn đề của máy mấy lần mà k thèm trả lời luôn,recommends
trang page đăng tin vớ vẩn,doesn't recommend
review tốt bảo hành ok bán hàng tiếp xúc khách còn chưa thực sự tốt,recommends
đề nghị nhiệt tình hơn nữa,recommends
vừa mua em mi ram gb ở đây dùng tuần rồi không lỗi lầm gì,recommends
cửa hàng có giá tốt nhất thị trường đấy thêm mấy em nhân viên xinh tươi thân thiện nữa,recommends
cảm thấy hài lòng với sản phẩm tốt mà giá thành ổn,recommends
hi vọng sẽ giữ mãi được uy tín như mua hàng từ xa nhưng các bạn không hề khiến mình thất ơn rất nhiều,recommends
có hỗ trợ bảo hành ở xa không ạ em định mua mà chỉ lo ở xa bảo hành khó thôi,recommends
đang định mua máy ở đây nhưng thấy có phốt này nọ lại chả dám mua nữa,doesn't recommend
con trai bác làm ở đây bác đang dùng s và thấy rất ổn định,recommends
chúc anh chị em mạnh khoẻ,recommends
shop bán hàng rất tốt,recommends
nhân viên thì rất thân thiện,recommends
công ty từ vấn mập mờ làm ăn không rõ vấn một kiểu đến shop thì nhân viên nói một kiểu,doesn't recommend
trong khi đã hỏi rõ là mua trả góp máy viên nói lãi suất và trả tối thiểu tháng,doesn't recommend
trong khi tư vấn thì nói lãi suất và trả tối tiểu tháng,doesn't recommend
một kiểu làm ăn ép khách và mất khách luôn,doesn't recommend
không bao giờ có ý định mua gì tại shop nữa khỏi giới thiệu khách luôn,doesn't recommend
đối với tôi hôm nay,recommends
đặc biệt là bạn áo đen,recommends
mc ơi cho em hỏi giữa a và mi s hay mi s thì nên chọn máy nào tốt hơn,recommends
em cần máy chạy mượt game và dụng màn hình to chụp hình nét cả đêm lẫn ngày,recommends
đến mua lần thì lần đầu mua được máy,doesn't recommend
lần thứ thì không vừa lòng với thái độ phục vụ của cửa hàng,doesn't recommend
thái độ phục vụ của đội ngũ mới ngày càng kém chắc do đông khách quá nên mua cũng được mà không mua thì cút đây,doesn't recommend
từ giờ sẽ không quay lại lần nào nữa,doesn't recommend
xem máy không vừa lòng muốn đổi máy khác để xem thì mặt nặng mày nhẹ tỏ ra không muốn phục vụ thái độ khó chịu,doesn't recommend
đã sai lầm khi mua hàng tại đây,doesn't recommend
vừa mua một em s bên shop khá ưng ý hiện xài vẫn chưa có bất kì lỗi hay vấn đề gì đáng nói ngoài việc chưa được,recommends
vài bữa ổn định thì mua thêm em chúc shop đắt khách nhỉ,recommends
tôi mới tới cửa hàng xem s lock màu gold công nhận nhân viên nhiệt tình va con gold nhìn không trầy không móp rất đẹp nhưng mình thì đang đợi về mua,recommends
cảm ơn shop hàng chất lượng giá cả hài lòng ạ,recommends
mới mua còn note ở đây,recommends
nhân viên nhiệt tình nhanh lẹ,recommends
giờ cần tư vấn máy màn độ phân giải k giá hợp lý không trọng thương hiệu,recommends
tuần trước mình đã đánh giá cho mc vì nhân viên bán hàng không biết về rõ gói bảo hành của g làm ảnh hưởng đến thời gian của mình,recommends
nhưng khi mình phản ánh lại thì nhân viên đã rất nhiệt tình để khắc phục sai sót,recommends
và bây giờ mình rất rất hài lòng khi đã mua được con g sản xuất tháng bên mc với chế độ bảo hành như hàng more hãng tháng bao gồm cả nguồn và màn hình,recommends
giá toàn bộ chỉ tr,recommends
hiếm có cửa hàng nào dám bảo hành tháng d nhưng hơi phũ cho mình là sau khi mua thì vài ngày thì e nó giảm k,recommends
mà không sao vẫn cho vì con g quá ưng ý,recommends
chua thấy đâu nhu mc gọi điện hỏi còn hàng không nói còn tiếng sau lên thì bảo chị đợi e đi lay đúng hon mình mà k hỏi thì mình đối đến sáng lại lại bảo là bây gio k lay được hàng về tóm lại một câu là méo có hàng làm ăn kiểu này mc mất uy tín quá đầu và lần cuối qua,doesn't recommend
giá tốt tư vấn nhiệt tình like cho shop,recommends
mới mua bên được mấy anh đẹp trai tư vấn thích thật,recommends
mình đã có trải nghiệm tuyệt vời khi đến mua hàng tại quả thực là good choice,recommends
có đứa bạn làm ở đây thì có được giảm giá không ad để em mua con dùng nào,recommends
em ở huế muốn mua note gb có ship hàng không ạ em định mua bên đà nẵng mà giá cao hơn bên đến đ,recommends
buồn một nỗi là mobile city chưa fix được hết các lỗi trên lock chạy,doesn't recommend
mua máy ở đây rất ưng không chê gì d nhưng nghe ý kiến nhiều bạn bảo chế độ bảo hành nhiều khi chưa được tốt mình chưa bảo hành nên chưa biết mong cửa hàng sẽ có chính sách cải thiện khắc phục d,recommends
ủng hộ shop và kênh channel của ông anh thần thánh kia mong là shop sẽ còn phát triển hơn và cố gắng cập nhật giá tốt nhất có thể để phục vụ khách hàng,recommends
đã mua máy ở đây lần,doesn't recommend
lần mua thì thấy máy dùng khá ổn,doesn't recommend
mỗi cái nhanh hết pin nhưng mua máy cũ thì chuyện pin chai mình k bắt bẻ làm gì,doesn't recommend
đến tự nhiên đang dùng biết xảy ra tình trạng máy k lên màn hình trong khi pin còn,doesn't recommend
nút home và nguồn k bật được,doesn't recommend
lên mạng tìm hiểu thì thấy người ta bảo do pin bị chai hoặc pin hàng k chính hãng,doesn't recommend
shop này có dịch vụ ship rất tốt sao,recommends
mua con mi về thỉnh thoảng lướt web được hơn tiếng đã hết sạch pin trong khi máy khác dùng tiếng,doesn't recommend
mang đến cửa hàng thì nhân viên bảo cài lại room cài lại xong thì vẫn thế,doesn't recommend
chán chả muốn mang bảo hành,doesn't recommend
mua note được ngày trải nghiệm tốt lắm giá tốt máy ngon,recommends
chúc cửa hàng luôn thành công,recommends
e mua dt note ở được tháng cửa hàng đưa cho e cục sạc đt e sạc cả ngày phải hơn tiếng mới đầy giải thích giùm e với ak,recommends
lúc đưa chị ở cửa hàng có e chỉ cần tiếng là đầy,recommends
e đang đi học bọn e điều kiện ra ngoài rất khó khăn nên e chưa có để lên hỏi lại,recommends
thấy các cho sao toàn ảo và mới thành lập được tuần có đứa ở sóc trăng chạy bộ ra ch thái hà để sửa đt về thật là nhà giàu,doesn't recommend
bên shop có sạc dự phòng của loại không hàng chính hãng nhé,recommends
mình đang nghiên cứu em của tàu nhưng phân vân về phần mềm sự hỗ trợ room tiếng việt và độ mượt mà của room các lỗi vặt bung ứng dụng cho mình hỏi mi ui e ui loại nào tốt nhất vậy bạn hay phải root dùng room cm omega ngoài,recommends
tư vấn cho mình một con ngon màn hình lớn giá khoảng triệu,recommends
làm ăn vô cùng chán và thiếu trách nhiệm,doesn't recommend
định mai qua mua con đt cùi ram g dùng tạm,doesn't recommend
mà vào đọc rì nghe ớn quá vậy,doesn't recommend
chỉ là tôi thích thôi,recommends
là lần đầu mua máy ở đây và cũng là lần cuối,doesn't recommend
m mua ở cho người nhà ở xa nên ngay sau khi mua máy ở đây đã gửi ngay về nhà nhưng khi nhận máy thì gọi điện lên bảo là dây sạc trong hộp không phải loại cho máy,doesn't recommend
do có việc nên về tận nơi thì thấy là cáp trong khi là,doesn't recommend
một phần cũng là do mình không kiểm tra kỹ,doesn't recommend
nhưng khi more cửa hàng đổi thì thái độ mấy bạn nhân viên tỏ ra không được thoải mái cho lắm lại còn hỏi câu rất ngây ngô thế một tuần rồi bạn không sạc máy à,doesn't recommend
mình nói thật người khó chịu phải là mình mới phải,doesn't recommend
chua bao giờ thấy shop nào lại nhiệt tình như vậy,recommends
hôm nay mình có vô cửa hàng vào đúng giờ cao điểm,recommends
mặc dù rất lại nóng loay hoang tìm ốp mới cho dế mà mãi không thấy đổi qua đổi lại,recommends
cuối cung cũng tìm được ốp ưng ý phải nói là phục vụ rất chu đáo đơn giản chỉ là ốp,recommends
hôm trước ở xa nhờ con bạn mang bảo hành một con mc tự dưng nhận sóng không nhận sim nhân viên bảo phải cầm máy hôm rồi liên lạc lại,recommends
sau hôm không thấy giục con bạn lại bảo khả năng thay main chiều hôm sau sẽ điện lại báo,recommends
tiếp tục vẫn không thấy đâu phải liên lạc lại và đứa bạn phải nói giọng bức xúc rồi mới có kết quả,recommends
nôn na đã more được máy,recommends
mình chỉ góp ý thế này bảo hành máy đối với mình hôm quay đầu vẫn thoải mái chán,recommends
nhưng đã hẹn với khách hàng liên lạc lại hay thế nào đi chăng nữa là lời hẹn nên giữ lời,recommends
nếu có nhu cầu vẫn sẽ tiếp tục mua máy ở đây nếu có đã mua ở đây ít nhất con,recommends
vì ở xa chưa đến trực tiếp được,recommends
chúc cho ngày càng phát đạt,recommends
chúc cửa hàng ngày càng thành công,recommends
có điều kiện e qua cửa hàng để mua hàng mặc dù là chưa mua hàng ở đây lần nào nhưng em cảm thấy rất tin tưởng vào,recommends
h qua đến cty mua mi g,recommends
thấy nhận viên nhiệt tình trách nhiệm đâu có như mọi người nói no kia,recommends
mấy dùng ổn chưa thấy lỗi gì pin cũng trâu,recommends
thất vọng với cách phục vụ của mấy bạn bán hàng mấy hôm trước mình có đến lấy s lock mua hộ đứa em vì trước giờ mình cũng mua nhiều lần của cửa hàng rồi thấy dùng ổn nên mua tiếp,doesn't recommend
mình hỏi mang cho mình máy để xem thì bạn cũng mang ra bình thường xong mình test lúc không ưng lắm vì máy tụt pin nhanh với lại máy hơi xấu mình hỏi cho xem more máy nữa xem thế nào thì bạn bán hàng bảo hết rồi làm ngơ như kiểu không muốn cho mình mua máy vậy vừa nói xong thế là cũng có người đến mua máy s thế là bạn lấy đâu ra chiếc nữa trong khi mình vẫn cầm máy trên tay mà bạn ấy bảo hết máy rồi,doesn't recommend
thật sự không hiểu cách bán hàng như vậy là muốn khách đến mua hay muốn đuổi khách nữa,doesn't recommend
cuối cùng mình đành trả máy ra về vì cách phục vụ của cửa hàng như kiểu không tôn trọng khách vậy,doesn't recommend
đã nhận quà từ mobile mobile city nhiều nhé,recommends
ad ơi cho em hỏi nếu mua máy bên mình kèm bị vỡ mặt kính được bảo hành đúng không ạ em mua ạ,recommends
mua máy tại shop lần và vẫn muốn quay lại,recommends
thank shop và chúc shop phát tài,recommends
giá tốt phục vu nhiệt tình chúc làm ăn phát đạt ạ,recommends
hôm qua chát với ad về note sim bảo còn hàng tại th,recommends
p sau có mặt thì bán hàng nói hết hàng bảo là anh vừa chat xong cách đây mấy p thì trả lời em vừa bán hết,recommends
lần này là lần thứ mấy nghe trả lời câu này cứ mặt hàng nào hỏi mà không có thì bảo e vừa bán hết nghe quen quen,recommends
mc có cách nào để tôi lấy lại niềm tin đây,recommends
vừa chát với bạn và nghe bạn giả thích cũng hợp lý và mình chấp nhận,recommends
vote lại cho mc sao,recommends
vừa mua em s lock ở nhà check pin mới sạc có lần dùng sướng thật,recommends
sao cho chất lượng luôn,recommends
nói chung thấy khá ổn vì đây là một trong những cửa hàng mình trải nghiệm đầu tiên sẽ tiếp tục ủng hộ cửa hàng,recommends
các bác làm ơn cho mình hỏi có ai đã từng thay màn hình mi chưa ạ,doesn't recommend
e đi bảo hành cái bị đốm trên màn về,doesn't recommend
kết quả màn ok nhưng phát sinh lỗi là mất đèn phím điều hướng hở sáng màn hình ở cạnh đáy,doesn't recommend
phản ảnh lại kỹ thuật thì họ bảo mất đèn là do mất tấm phản quang tấm này đi liền với mỗi,doesn't recommend
giờ không khắc phục được,doesn't recommend
chán hẳn cửa hàng uy tín mình từng mua con máy ở đây,doesn't recommend
lần đầu bảo hành nhưng thật sự không ưng ý nếu k muốn nói là khá thất vọng,doesn't recommend
ý kiến các bác về vụ này ạ,doesn't recommend
một trong những địa chỉ tin cậy để mua hàng xách tay sau khi trải nghiệm và mua máy ở đây,recommends
chưa bao giờ mua nhưng cũng ủng hộ,recommends
tổng hợp dịch vụ trên,recommends
đăng bài giá liên hệ bình luận bài viết giá đ thích bình luận giá đ quan tâm bài viết giá đ thích chia sẻ bài viết giá đ tăng g bài viết giá đ chi tiết liên hệ khánh,recommends
tôi tạo cho bạn chất lượng bằng công cụ với giá k,recommends
tôi tạo cho bạn chất lượng bằng công cụ với giá k,recommends
hôm nay đến mobile city được hỗ trợ phần mềm miễn phí,recommends
thích anh review vote sao d,recommends
hôm bữa qua hỏi cho bà xã con note mà mấy em nhân viên cứ khinh chê mình mua máy tàu hay sao ấy,doesn't recommend
nói chung mc làm màu được vài bữa bỏ ra thêm mấy trăm sang hẳn hay mua cho đỡ bực mình,doesn't recommend
hôm trước em có mua cục pin của shop sau khi về dùng em thấy nó dùng được cỡ h thì em có tải ứng dụng battery life thì nó báo bin chai trong tình trạng rất tệ liệu pin có sao không shop mong shop tư vấn giúp em cái,doesn't recommend
mua may o day ma k the nao,doesn't recommend
hang dam bao hay k,doesn't recommend
ma con phai thanh toan khi hang chua ship,doesn't recommend
mua bộ phụ kiện ở đây mà chán quá,doesn't recommend
đang dùng c cảm thấy rất ưng về chất lượng,recommends
mình thay kính ở đây giờ mới chụp tự sướng thì mất camera trước rồi,doesn't recommend
cảm thấy thất vọng ra ý ạ,doesn't recommend
cho hỏi cửa hàng có bán one m xách tay không và giá em nó,recommends
mùng đứa em m có mang con bị treo logo sang cửa hàng m để up rom hộ vì m có xem bài viết trên mạng thấy bảo up mà đến nơi,doesn't recommend
kỹ thuật bảo không máy của shop up mất k,doesn't recommend
ngày trước mình đến hỏi mua s lock gb màu máy thấy móp với xước yêu cầu đổi máy đợi rất lâu cho xem cái thứ mình cũng thông cảm vì khách thứ more thì bị ám hỏi nhân viên thì nhân viên bảo cái nào cũng bị ám k ít thì nhiều với thái độ rất bình biết máy toàn đểu cả hay sao,doesn't recommend
rồi mình xem cái thứ cái này ổn nhất nhưng test vân tay k nhạy tí nhân viên làm như kiểu mình k biết test và thái độ khó bạn nhân viên test lại được k nhạy lắm sau khi xem xét hồi thì mình quết định mua vì sợ nhiều quá,doesn't recommend
khi mua máy về thì máy k bắt được khi bắt được thì cực yếu và nhanh bị mật khẩu đúng nó vẫn báo sai,doesn't recommend
pin thì vừa báo phát tính trung bình tụt,doesn't recommend
sóng k bật g vẫn vạch,doesn't recommend
vạy rất mong được đổi máy máy khác,doesn't recommend
đồng thời đề nghị cửa hàng test kĩ chất lượng máy,doesn't recommend
có còn s edge không ad ơi em muốn cây,recommends
em đã lấy máy quốc tế ở đây,recommends
lần trước tết lần sau tết thì lần đều rất đông ngày lễ mà,recommends
nhưng không lần nào cần thiết phải nói quá về thái độ của nhân viên cả,recommends
không phải em đánh giá tốt cửa hàng nhưng bản thân em đứng xem mấy anh xung quanh hỏi mà như tra khảo vậy,recommends
có thể các anh chưa có đầy đủ thông tin về máy more cũng nên chịu khó lắng nghe người ta nói hoặc là người đứng bên cạnh chứ lấy cả mấy máy rồi chọn đi chọn lại cuối cùng cũng không chọn được máy nào cách đây năm em cũng từng bán điện thoại xách tay hàn em biết,recommends
máy cũ có máy mới có máy em nhập từ hàn chỉ chọn hàng đẹp nên khách hàng không phải lựa nhiều,recommends
và cũng không cạnh tranh khốc more,recommends
bảo hành rất ưng ạ,recommends
dang tin quang cao la một vu ban dang tin PROFANE bai quang cao cua ban được pho PROFANE dan lon nho PROFANE site mua ban uy tin,recommends
PROFANE ban không con phai ngoi hang gio de cong dang tin nua da co chung toi he,recommends
chúc gia đình làm ăn phát đạt và phát triển mạnh hơn tới các sản phẩm tốt cho người tiêu dùng,recommends
cho em hỏi gì phiên bản sao lai không lên mà ở an quốc lại lên,recommends
đợt vừa rồi đang cần tìm hiểu quán sửa chữa có shop này làm ăn ok,recommends
mới mua z cũ của shop,recommends
mong rằng đặt niềm tin đúng,recommends
e mua e s lock từ tháng,recommends
nhưng giờ camera không hoạt động nữa e muốn sửa thì mất phí nhiều không ạ,recommends
vỡ mặt kính mang ra đây thay ép mặt kính xong dùng được ngày màn hình lúc tối om gạch dọc nhằng nhịt cảm ứng lung tung,doesn't recommend
phải mang sang bên khác thay màn,doesn't recommend
cho mình hỏi tầm đến triệu mình lên mua máy nào mình đang phan van s cũ với cũ,recommends
hôm nay phi từ thái nguyên xuống mua em gb rất hài lòng với cửa hàng góp ý thêm là tầng hỗ trợ nên cho thêm ghế chờ nhé hôm nay đông người chờ lâu mà chỉ có ghế thôi,recommends
k thấy ad trả lời,recommends
đã mua và giới thiệu bạn bè mua gần chục con rồi quá ổn,recommends
mình đã mua một chiếc lock ở đây và thấy khá ưng ý sẽ còn quay lại nữa,recommends
cho hỏi đã có rom quốc tế cho m note chưa,doesn't recommend
đợi tuần rồi không thấy phản hồi gì,doesn't recommend
hôm vào bảo máy bị mấy lỗi đơ thì kêu là cái này lỗi phần mềm thôi r máy này mới bên mình cũng chưa rõ số cái,doesn't recommend
bảo cứ dùng xong bên mobile sẽ gọi lại đến kiểm tra,doesn't recommend
xong cũng không thấy gọi lại,doesn't recommend
sau ngày quay lại thì vẫn miếng dán màn hình như ngày đầu tiên mua máy,doesn't recommend
ốp hỏi thì nhân viên cụt lủn câu k có,doesn't recommend
còn cầm cả giấy bảo hành của mình,doesn't recommend
hết sức bực mình và mất tin tưởng vào cái gọi là bảo hành vàng,doesn't recommend
chào các anh em có xem mấy cái video ở trên nói về s hàng đài loan liệu có không mong các anh tư vấn giúp em,recommends
may rat xem hoi di luôn cua,recommends
ad có nào tầm chưa đến chua đến,recommends
ngon cho e mấy mẩu xem e mua cái,recommends
muốn mua cái máy mà gọi điện cho chủ cửa hàng lúc nào cũng máy bận,doesn't recommend
xin hỏi cửa hàng còn chế độ mua cũ không ạ,recommends
v bên mình có full box không và bao nhiêu tiền ạ,recommends
tôi rất tự hào về cửa hàng của các bạn,recommends
chúc mobile city làm ăn phát đạt,recommends
chúc mc ngày càng làm ăn phát đạt chúc a tròn lạ dương ngày càng phong độ,recommends
cho mình hỏi tí s là máy là shop,recommends
em tuổi muốn mua trả góp thì cần những cái gì ạ,recommends
dịch vụ tăng like trọn gói theo tháng new,recommends
tr tháng hoặc trang cá nhân mình chủ động theo dõi kênh không khi post nội dung mới sẽ thực hiện tăng like tăng cho các mục status photo album video sự kiện note tăng comment rate thỏa thuận riêng không hạn chế số lượng link post ngày số like link dao động,recommends
anh ơi cho em mua điện thoại qua mạng thi đặt hàng như nào ạ,recommends
phong cánh làm việc thiếu chuyên nghiệp có lẽ sẽ không bao giờ đến đây nữa,doesn't recommend
vua mua con a ma không được dan man với cai rom te,recommends
h lam sao day shop,recommends
sao luôn nhưng có thôi ạ,recommends
cần thêm của hàng o các tp o miền tay như cần thơ,recommends
rat thu minh noi nay,recommends
vớ vẩn sáng chủ nhật gọi hỗ trợ trước phi xe gần km đến nơi đóng cửa,doesn't recommend
đang định mua con hàng cai không biết mua có gặp phải hàng không ngon không,recommends
em dang tim mua cai lung va cai dan kinh lúc thoai v cho anh chi co ban kg nhan ho em voi de em mua so dt cua em,recommends
minh mua may o cua hang gan,doesn't recommend
giu gin may hon ca vang,doesn't recommend
roi may bao loi sim,doesn't recommend
mang ra cua hang giu may lai ngay sau den lay may hong roi em a moi,doesn't recommend
người tu ve c hang nay,doesn't recommend
chua mua dt o nhung thay moi người khen nhiều,recommends
may hom nua cung mua cai xem the nao,recommends
s còn hàng không ad ơi ad gấp nhé,recommends
nt hoi ma k thay ad nao tra loi hết pun,recommends
minh chua co co hoi được den mobile city nen rat den lan de ung ho mobile,recommends
da trai thay rat ok,recommends
khi nào có nhu cầu ghé mua xem cửa hàng thế nào,recommends
khi nào mới có trả góp ở sài gòn đây ad,recommends
shop mình còn hàng không hả bạn ơi,recommends
chúc page mobile city ngày càng phát triển,recommends
không có gì để nói,doesn't recommend
co may g cu không mobile,recommends
đăng cho mua lại không có,doesn't recommend
mấy chị bán hàng ở đây cứ bị xinh ý,recommends
shop ở đà thì hay mấy,recommends
thường trả lời trong vài tiếng,doesn't recommend
mong ad ra nhiều event cho,recommends
chi trung thanh dai han cua minh,recommends
có mấy em lễ tân ngọt phết,recommends
chúc page phát triển thịnh vượng,recommends
s gia bao nhiều day ban,doesn't recommend
