,content,label
0,"LÃ m Äƒn ráº¥t máº¥t uy tÃ­n, nháº­n mÃ¡y sá»­a chá»¯a 2-3 láº§n khÃ´ng háº¿t lá»—i cÃ ng sá»­a cÃ ng nghiÃªm trá»ng. Ä‘áº·c biá»‡t lÃ  viá»‡c nháº­n Ã o Ã o rá»“i Ä‘áº¿n ngÃ y háº¹n láº¥y mÃ¡y thÃ¬ bÃ¡o chÆ°a check ká»¹ láº¡i lÃ¹i ngÃ y Ä‘á»ƒ xem láº¡i váº½ thÃªm lá»—i cÃ¡i nÃ y cá»±c ká»³ ghÃ©t. thá» ko bao giá» láº¡i vÃ  sáº½ tá»• chá»©c bÃ³c phá»‘t cá»­a hÃ ng nÃ yğŸ˜¡ğŸ˜¡ğŸ˜¡ğŸ˜¡ğŸ˜¡ğŸ˜¡",doesn't recommend
1,mua á»Ÿ Ä‘Ã¢y ráº¥t an tÃ¢m nhÃ¢n viÃªn tÆ° váº¥n nhiá»‡t tÃ¬nh,recommends
2,"Mang mÃ¡y Ä‘áº¿n sá»­a.  ChÆ°a kiá»ƒm tra gÃ¬ Ä‘Ã£ bung mÃ¡y ra. MÃ¡y há»ng 1 Ä‘áº±ng,bÃ¡o giÃ¡ 1 náº»o. Láº¯p láº¡i thÃ¬ máº¥t rung. Tá»“i !!!",recommends
3,bá» 300k ra thay pin. Ä‘á»ƒ nháº­n vá» há»ng loa trong vÃ  viÃªn pin cÃ²n tá»‡ hÆ¡n cáº£ viÃªn pin cÅ©. liÃªn há»‡ bh thÃ¬ Ä‘Ã¹n Ä‘áº©y trÃ¡ch nghiá»‡m cÃ¡c thá»© chÃ¡n cháº£ buá»“n nÃ³i ná»¯a.,doesn't recommend
4,"lÃ m Äƒn kiá»ƒu Ã´m con bá» chá»£,ko cho khÃ¡ch lÃªn Ä‘á»i mÃ¡y hay mua Ä‘i bÃ¡n láº¡i,1 láº§n duy nháº¥t bÃ¡n xong lÃ  thÃ´i,chÃºng mÃ y bÃº buá»“i Ã´ng HoÃ ng KiÃªn Ã½",recommends
5,"Má»i ngÆ°á»i chÃº Ã½ mua mÃ¡y má»›i cÃ²n nguyÃªn seal hay khÃ´ng? Shop bÃ¡n Ä‘iá»‡n thoáº¡i Ä‘Ã£ qua sá»­ dá»¥ng sau khi xÃ³a tráº¯ng lá»«a rá»“i khÃ¡ch hÃ ng.  Tháº¯c máº¯c thÃ¬ khÃ´ng tráº£ lá»i ğŸ˜ƒ Mong shop sá»›m lÃ m Äƒn thua lá»— â˜ºï¸ HÃ¬nh áº£nh má»›i má»Ÿ mÃ¡y lÃªn Ä‘Ã£ cÃ³: Tik Tok, Facebook, Lazada.... trong khi Ä‘Ã³ chÆ°a cÃ i Ä‘áº·t gÃ¬ ğŸ˜‚",doesn't recommend
6,Cá»­a hÃ ng lÃ m Äƒn bá»‘ lÃ¡o..khÃ´ng báº£o hÃ nh cho khÃ¡ch,doesn't recommend
7,KhÃ´ng biáº¿t cháº¥t lÆ°á»£ng sáº£n pháº©m ra sao nhÆ°ng tÃ¡c phong + phong cÃ¡ch phá»¥c vá»¥ quÃ¡ tá»‡.KhÃ´ng bao giá» quay láº¡i láº§n 2,doesn't recommend
8,"shop uy tÃ­n, hÃ ng cháº¥t lÆ°á»£ng, nhÃ¢n viÃªn phá»¥c vá»¥ tá»‘t, sáº½ á»§ng há»™ tiáº¿p",recommends
9,Phá»¥c vá»¥ kÃ©m nháº¯n tin gáº§n 1 ngÃ y khÃ´ng tháº¥y shop nÃ o tráº£ lá»i cáº£ 3 shop luÃ´n áº¥y. Cháº¯c cháº¯n khÃ´ng quay láº¡i láº§n 2 :),recommends
10,"BÃ¡n hÃ ng nhÆ° lá»«a Ä‘áº£o ,bÃ¡n xong cÃ¡i quay ra thay Ä‘á»•i 180 Ä‘á»™. TÆ° váº¥n online cháº­m, ko nhiá»‡t tÃ¬nh. Má»›i mua Ä‘c máº¥y hÃ´m xong tá»± báº¯t khÃ¡ch thay pin tráº£ tiá»n , mÃ¬nh gá»i Ä‘áº¿n táº­n quáº£n lÃ½ má»›i Ä‘á»“ng Ã½ thay cho khÃ¡ch. TrÆ°á»›c khi Ä‘i mua thÃ¬ nÃ³i nhÆ° hÃ¡t hay báº£o sau cÃ³ thu mua láº¡i xong giá» nháº¯n láº¡i báº£o ko mua ná»¯a. Ä‚n nÃ³i 2 lá»i. Cáº¡ch máº·t.",doesn't recommend
11,TÆ° váº¥n quÃ¡ chÃ¡n Ä‘t gá»i thÃ¬ ko ai nge 1 lÃºc gá»i láº¡i thÃ¬ Ä‘Ã¹ng Ä‘áº©y qua láº¡i ko chá»‹u tÆ° váº¥n thÃ­u trÃ¡ch nhiá»‡m Ä‘áº·t mÃ¡y cho Ä‘Ã£ gá»i nÃ³i ko tháº¥y sÄ‘t vs tÃªn bÃ³ tay rá»“i kÃªu Ä‘Æ°a tiá»n ship 100k trÆ°á»›c á»§a z rÃ²i s kiá»ƒm tra mÃ¡y mÃ  Ä‘Æ°a tiá»n trÆ°á»›c chÃ­nh sÃ¡ch j kÃ¬ z ???,doesn't recommend
12,"Äáº§u thÃ¡ng Ä‘i Ã©p kÃ­nh con note 20. Ã‰p há»ng mÃ n, khuyrns mÃ£i thÃªm cho mÃ¬nh cÃ¡i ná»‹t, Ä‘áº¿n lÃ  bá»±c. Ká»¹ thuáº­t krms",doesn't recommend
13,"Lá»«a Ä‘áº£o, mÃ¡y mÃ³c hÃ ng Ä‘á»ƒu, dá»‹ch vá»¥ thÃ¬ kÃ©m",doesn't recommend
14,"TRáº¢I NGHIá»†M MUA MÃY VÃ€ THAY Sá»¬A á» MC NgÃ y 6/1/2022, mÃ¬nh cÃ³ mua Ä‘iá»‡n thoáº¡i á»Ÿ Ä‘Ã¢y vÃ  tá»‘i Ä‘áº¿n mÃ¬nh cÃ³ ra thay pin Xr cÅ©ng nhÆ° dáº«n báº¡n mÃ¬nh ra Ã©p kÃ­nh 6s+ luÃ´n. LÃºc mÃ¬nh Ä‘Æ°a mÃ¡y thÃ¬ ngoÃ i viá»‡c máº¥t True tone thÃ¬â€¦ More mÃ¡y khÃ´ng cÃ³ lá»—i gÃ¬. MÃ n hÃ¬nh k bá»‹ há»Ÿ sÃ¡ng. LÃºc cáº§m mÃ¡y vá» mÃ¬nh cÅ©ng chá»§ quan vÃ¬ nghÄ© thay pin nÃªn cháº¯c khÃ´ng áº£nh hÆ°á»Ÿng Ä‘áº¿n mÃ n nÃªn chá»‰ test Fece id, chuÃ´ng, .. vÃ  táº¿t qua mÃ n. NhÆ°ng Ä‘Ãªm vá» táº¯t háº¿t Ä‘iá»‡n thÃ¬ mÃ¬nh má»Ÿ Ä‘á»™ sÃ¡ng cao lÃªn thÃ¬ phÃ¡t hiá»‡n mÃ n cÃ³ máº¥y chá»— bá»‹ há»Ÿ sÃ¡ng vÃ  chuyá»‡n khÃ´ng may báº¯t Ä‘áº§u tá»« Ä‘Ã¢y. VÃ  vÃ¬ cÅ©ng muá»™n nÃªn mÃ¬nh ngÃ y mai má»›i nháº¯n háº¹n ra kiá»ƒm tra. TrÆ°a nay tá»©c ngÃ y 7/1/2022 mÃ¬nh cÃ³ qua Ä‘á»ƒ há»i thÃ¬ ngÆ°á»i ta cÅ©ng giÃºp Ä‘á»¡ vÃ  kiá»ƒm tra giÃºp mÃ¬nh. Sau máº¥y láº§n sá»­a thÃ¬ gáº§n dÆ°á»›iâ€¦ More",doesn't recommend
15,Ä‘iá»‡n thoáº¡i cháº¥t lÆ°á»£ng kÃ©m vá»«a háº¿t báº£o hÃ nh thÃ¬ há»ng mÃ n hÃ¬nh khuyÃªn gia Ä‘Ã¬nh ngÆ°á»i thÃ¢n Ä‘á»«ng bao giá» mua hÃ ng á»Ÿ Ä‘Ã¢y,doesn't recommend
16,LÃ m Äƒn vá»› váº©n mua mÃ¡y á»Ÿ Ä‘Ã¢y xong muá»‘n bÃ¡n láº¡i Ä‘á»•i mÃ¡y khÃ¡c ko há»— trá»£ thu mua láº¡i. ÄÃ©o hiá»ƒu tháº¿ lag tháº¿ nÃ o hay ko tin tÆ°á»Ÿng mÃ¡y cá»§a chÃ­nh mÃ¬nh bÃ¡n ra,doesn't recommend
17,Äi mua Ä‘t mÃ  báº¯t Ä‘i gá»­i xe trong khi cÃ³ thá»ƒ Ä‘á»ƒ thÃªm Ä‘c 1 chiáº¿c bÃªn ngoÃ i báº£o vá»‡ váº«n cÃ³ thá»ƒ trÃ´ng. Khá»i muá»‘n vÃ o ná»¯a luÃ´n.,doesn't recommend
18,"Xem Ä‘Ã¡nh giÃ¡ thÃ¬ toÃ n tháº¥y nhiá»‡t tÃ¬nh, cháº¯c ra cá»­a hÃ ng thÃ¬ váº­y chá»© bá»™ pháº­n online toÃ n tráº£ lá»i tá»± Ä‘á»™ng, há»i cÅ©ng nhÆ° ko, copy paste láº·p Ä‘i láº·p láº¡i. Ráº¥t muá»‘n mua hÃ ng mÃ  há»i cÃ¡i gÃ¬ cÅ©ng auto báº£o ""Ä‘Ã£ lÆ°u thÃ´ng tin sáº½ liÃªn há»‡"" thÃ¬ mua kiá»ƒu gÃ¬? bye",doesn't recommend
19,"shop ko nháº¯c tá»›i dÃ¡n cÆ°á»ng lá»±c cho giÃ¡ fullbox  Xiaomi Poco M3, mua vá» rÃºt ra xong bÃ¡n láº¡i, bÃ  con cáº©n tháº­n, lÃ m Äƒn cá»£t nháº£ Ä‘Ã³, máº¥t thÃªm tiá»n.",doesn't recommend
20,shop ráº¥t nhiá»‡t tÃ¬nh tÆ° váº¥n ráº¥t nhanh náº¿u cÃ¡c bn cÃ³ bn nÃ o cáº§n há»i thÃ¬ nháº¯n tÆ° váº¥n trÃªn zalo nha shop tráº£ lá»i lÃ  ngay láº­p tá»©c ráº¥t Æ°ng nhağŸ˜,recommends
21,"TÆ° váº¥n online dÃ i dÃ²ng, khÃ´ng tráº£ lá»i Ä‘Ãºng cÃ¢u há»i lÃ m tá»‘n thá»i gian cá»§a khÃ¡ch hÃ ng.ğŸ¤¬ğŸ¤¬ğŸ¤¬",doesn't recommend
22,"há»i trÃªn trang kÃªu cÃ³ Ä‘áº¿n cá»­a hÃ ng thÃ¬ kÃªu háº¿t chá»‰ cÃ²n láº¡i Ä‘áº¯t hÆ¡n , há»i láº¡i cá»­a hÃ ng váº«n kÃªu khÃ´ng cÃ³ . vá» pháº£n Ã¡nh láº¡i bÃªn trang chá»‰ xin lá»—i vÃ  khÃ´ng Ä‘Æ°a ra báº¥t kÃ¬ háº­u mÃ£i nÃ o thÃªm nhÆ° tá»›i táº­n nÆ¡i láº¥y mÃ¡y , hn nay thÃ¬ mÆ°a",doesn't recommend
23,"Mua ráº¥t nhiá»u mÃ¡y á»Ÿ Ä‘Ã¢y rá»“i cáº£m tháº¥y ráº¥t hÃ i lÃ²ng vá» cháº¥t lÆ°á»£ng vÃ  chÃ­nh sÃ¡ch báº£o hÃ nh,máº¥y báº¡n bÃ¡n hÃ ng ráº¥t nhiá»‡t tÃ¬nhâ¤ï¸",recommends
24,"TÆ° váº¥n nhiá»‡t tÃ¬nh, sáº£n pháº©m cháº¥t lÆ°á»£ng tá»‘t",recommends
25,"Shop quÃ¡ nhiá»‡t tÃ¬nh, anh ká»¹ thuáº­t cá»±c ká»³ chu Ä‘Ã¡o...ÄÃ¡ng Ä‘á»“ng tiá»n bÃ¡t gáº¡o má»i ngÆ°á»i áº¡",recommends
26,"ChÄƒm sÃ³c KH quÃ¡ tá»‡, nháº¯n tin page vÃ  cmt há»i khÃ´ng tráº£ lá»i, gá»i thÃ¬ khÃ´ng Ä‘Æ°á»£c",doesn't recommend
27,"Suá»‘t ngÃ y share bÃ i linh tinh chá»©ng tá» cÅ©ng khÃ´ng pháº£i báº­n bá»‹u gÃ¬ nhiá»u mÃ  cÃ³ cÃ¡i tin nháº¯n khÃ¡ch há»i tÆ° váº¥n cÅ©ng rep cháº­m, nháº¯n toÃ n tháº¥y tin nháº¯n tá»± Ä‘á»™ng tráº£ lá»i, k tháº¥y máº·t mÅ©i nhÃ¢n viÃªn Ä‘Ã¢u. Mua mÃ¡y á»Ÿ Ä‘Ã¢y máº¥y láº§n rá»“i tháº¥y nhÃ¢n viÃªn bÃ¡n hÃ ng thÃ¬ tá»‘t mÃ  bá»™ pháº­n online chÃ¡n khá»i bÃ n luÃ´n.",doesn't recommend
28,"MÃ¬nh khÃ¡ hÃ i lÃ²ng khi sá»­ dá»¥ng dá»‹ch vá»¥ á»Ÿ Ä‘Ã¢y, nhÃ¢n viÃªn nhiá»‡t tÃ¬nh, cháº¥t lÆ°á»£ng mÃ¡y tá»‘t.",recommends
29,"1* thay pin thay mÃ n xong máº¥t vÃ¢n tay  Äem qua báº£o hÃ nh thÃ¬ nhÃ¢n viÃªn báº£o vÃ¢n tay áº©n  ÄÃ²i 500k chÃ¡n chi nhÃ¡nh 123 tráº§n quang kháº£i BÃªn quáº£n lÃ½ Ä‘t kÃªu lÃªn sá»­a trÆ°á»›c máº·t cho xem nhÆ°ng Ä‘em lÃªn nÃ³ giáº£ bá»™ Ä‘em vÃ o phÃ²ng báº¯t Ä‘á»£i 2 tiáº¿ng xong Ä‘em ra nÃºt hÃ´m báº¥m Ä‘Ã©o Äƒn luÃ´n , tui bÃ¢y nÃ³i mÃ¡y tao bá»ƒ mÃ n lÃºc ko kiá»ƒm tra Ä‘Æ°á»£c thÃ¬ tui bÃ¢y báº­t camera ngÃ y giá» taoâ€¦ More nháº­n mÃ¡y stets vÃ¢n tay lÃºc Ä‘Ã³ váº«n cÃ²n dÃ¹ng Ä‘Æ°á»£c 2 ngÃ y máº¥t luÃ´n nÃºt hÃ´m lÃºc Ä‘Æ°á»£c lÃºc ko Thai pin vá» dÃ¹ng ráº¥t nÃ³ng vÃ  tá»‘n pin , thay cÃ¡p sáº¡c thÃ¬ thay Ä‘á»“ cÅ© cho khÃ¡ch cháº­p chá» lÃºc Äƒn lÃºc ko , tiáº¿p tÃ¢n cá»‘ tÃ¬nh lÃ m khÃ³ vÃ  kho hiá»ƒu gÃ¬ vá» mÃ¡y nÃ³i chuyá»‡n ráº¥t khÃ³ nghe",doesn't recommend
30,Cá»­a hÃ ng ráº¥t Ä‘Ã´ng khÃ¡ch cháº¥t lÆ°á»£ng phá»¥c vá»¥ nhiá»‡t tÃ¬nh sáº½ quay láº¡i vÃ  giá»›i thiá»‡u bbe,recommends
31,chÄƒm sÃ³c khÃ¡ch hÃ ng chÃ¡n cÃ¡c báº¡n láº¯m. nhá» há»— trá»£ thÃ¬ nÃ y ná»,doesn't recommend
32,"NhÃ¢n viÃªn nhiá»‡t tÃ¬nh, cháº¥t lÆ°á»£ng dá»‹ch vá»¥ tá»‘t",recommends
33,"NhÃ¢n viÃªn nhiá»‡t tÃ¬nh, cháº¥t lÆ°á»£ng mÃ¡y tá»‘t.",recommends
34,Nhiá»‡t tÃ¬nh Lá»‹ch sá»± Chu Ä‘Ã¡o,recommends
35,mua con airpod 2 há»• váº±n Ä‘á»•i 3 láº§n 3 cÃ¡i váº«n lá»—i. dÃ¹ng ko Ä‘Æ°á»£c ná»•i 1 thÃ¡ng. háº¿t lá»—i ná» Ä‘áº¿n lá»—i kia chÃ¡n luÃ´n. máº¥t tiá»n mua ngu. cá»­a hÃ ng mÃ¬nh nÃªn xem láº¡i lÃ´ hÃ ng nháº­p.,doesn't recommend
36,"NhÃ¢n viÃªn há»— trá»¡ nhiá»‡t tÃ¬nh, cháº¥t lÆ°á»£ng dá»‹ch vá»¥ tá»‘t sáº½ á»§ng há»™ shop lÃ¢u dÃ i",recommends
37,"toÃ n Ä‘á»ƒ giÃ¡ áº£o, Ä‘áº¿n shop thÃ¬ hÆ°á»›ng sang mÃ¡y khÃ¡c, nháº¯n tin hÃ ng thÃ¡ng ko tráº£ lá»i. Bá»‹p láº¯m.",doesn't recommend
38,"NhÃ¢n viÃªn nhiá»‡t tÃ¬nh, cháº¥t lÆ°á»£ng sáº£n pháº©m tá»‘t.",recommends
39,"Táº·ng ngay 1 dao tháº» ATM cá»±c cháº¥t cho AE khi mua báº­t lá»­a Ä‘á»™c láº¡ táº¡i shop: #VNPOD. COM ( bit.ly/32XttSY ) SÄT/Zalo: 0962696896 â€“ 0969435666 . . . . . Äáº·t mua trá»±c tiáº¿p táº¡i web dc freeship luÃ´n nhÃ©  !!! . .â€¦ More . . . P/s: náº¿u AE khÃ´ng muá»‘n mua hÃ ng mÃ  váº«n muá»‘n dc táº·ng >>> chá»‰ cáº§n Ä‘Ã¡nh giÃ¡ 5* cho sáº£n pháº©m + Share lÃªn FB , Shop sáº½ táº·ng miá»…n phÃ­ cho AE má»™t cáº·p dao ATM. Miá»…n phÃ­ 100% . Nhá»› chá»¥p áº£nh nháº¯n qua Zalo cho Shop Ä‘á»ƒ dc táº·ng !!! VNPOD - Tháº¿ giá»›i Ä‘á»“ chÆ¡i cÃ´ng nghá»‡ thÃ´ng minh tiá»‡n Ã­ch - Báº­t Lá»­a Äá»™c vnpod.com VNPOD - Tháº¿ giá»›i Ä‘á»“ chÆ¡i cÃ´ng nghá»‡ thÃ´ng minh tiá»‡n Ã­ch - Báº­t Lá»­a Äá»™c vnpod.com VNPOD - Tháº¿ giá»›i Ä‘á»“ chÆ¡i cÃ´ng nghá»‡ thÃ´ng minh tiá»‡n Ã­ch - Báº­t Lá»­a Äá»™c vnpod.com aaaaaaaaaaa",recommends
40,NhÃ¢n viÃªn tÆ° váº¥n nhiá»‡t tÃ¬nh . ThÃ¢n thiá»‡n,recommends
41,"mua OP 7T pro cÃ¡ch Ä‘Ã¢y 2 nÄƒm, khi mua dc miá»…n phÃ­ dÃ¡n chá»‘ng xÆ°á»›c, cÃ¡c báº¡n há»©a háº¹n knao a sang thay chá»‘ng xÆ°á»›c thÃ¬ e thay, Ä‘áº¿n nay sang thÃ¬ k nháº­n, báº£o xuáº¥t hÃ³a Ä‘Æ¡n a cáº§m vá» r, dá»¯ liá»‡u thÃ¬ xÃ³a thÃ´ng tin khÃ¡ch hÃ ng, láº¥y lÃ­ do reset há»‡ thá»‘ng???? tráº£i nghiá»‡m 1 láº§n vÃ  KHÃ”NG BAO GIá»œ QUAY TRá» Láº I",doesn't recommend
42,Thay kÃ­nh redmi 9T xong nhÃ¢n viÃªn kÄ© thuáº­t lÃ m há»ng mÃ n zin.,doesn't recommend
43,"nhÃ¢n viÃªn nhiá»‡t tÃ¬nh chu Ä‘Ã¡o, há»— trá»£ tá»‘t",recommends
44,"Than mÃ n hai ngÃ y thÃ¬ há»ng trong khi ko va Ä‘áº­p ko tÃ¬ Ä‘Ã¨ gÃ¬, lá»—i mÃ n. Qua sá»­a thÃ¬ báº£o tÃ¬ Ä‘Ã¨ há»ng mÃ n á»§a Ä‘Ã£ báº£o lÃ  ko tÃ¬ Ä‘Ã¨ rá»“i. LÃ³c cÃ³c Ä‘i vá» coi nhÆ° Ä‘á»• lá»—i cho khÃ¡ch hÃ ng, mÃ n 7 tráºµm dc hai ngÃ y :v",recommends
45,"Thay pin Pocophone f1 thÃ¬ thay xong 30% sáº­p nguá»“n, sau 2 thÃ¡ng thÃ¬ tá»« sáº¡c Ä‘áº§y vá» 60% trong 20p r sáº­p nguá»“n. Mua mÃ¡y má»›i thÃ¬ Ä‘á»£i 1 tiáº¿ng má»›i cÃ³ mÃ¡y vÃ  thanh toÃ¡n xong",doesn't recommend
46,Ä‘Ã£ mua mÃ¡y á»Ÿ Ä‘Ã¢y ráº¥t uy tÃ­n vÃ  chuyÃªn nghiá»‡p,recommends
47,"há»— trá»£ nhiá»‡t tÃ¬nh, nhÃ¢n viÃªn thÃ¢n thiá»‡n 10sao",recommends
48,Ä‘Äƒng tin nháº£m nhÃ­ quÃ¡ nhiá»u,doesn't recommend
49,Minh mÆ¡i ma con poco x 3 Ä‘c 3 ngÃ y do ko sá»­ dá»¥ng Ä‘áº¿n mÃ¬nh muá»‘n tráº£ mÃ  bÃªn mobile ko há»— trá»£ thu há»“i sáº£n pháº©m cá»§a minh haizz!,doesn't recommend
50,"Má»i thá»© Ä‘á»u Oke háº¿t nhÃ© mn ! 5,1 sao luÃ´n",recommends
51,Fan page Ä‘Äƒng vá»› váº©n. KhÃ´ng liÃªn quan Ä‘iá»‡n thoáº¡i,doesn't recommend
52,"Vá»«a má»›i táº­u em 6 lock 95% , 64g gold. Nghe nÃ³i nhiá»u vá» MC , cÅ©ng chuáº©n bá»‹ tÃ¢m lÃ½ test mÃ¡y ká»¹. MÃ  hÆ¡i bá»‹ báº¥t ngá» vÃ¬ Ä‘Æ°á»£c máº¥y chá»‹ bÃ¡n hÃ ng xinh Ä‘áº¹p tÆ° váº¥n ráº¥t nhiá»‡t tÃ¬nh. Mua luÃ´n bhv , bh cáº£ rÆ¡i vá»¡ luÃ´n, cÃ³ cÃ¡i á»‘p lÆ°ng Ä‘Æ°á»£c táº·ng, tháº¿ lÃ  nhÃ¬n ko pit 95% luÃ´n. 1 like cho MC nhÃ©, sáº½ cÃ²n á»§ng há»™ tiáº¿p.",recommends
53,Ä‘á»ƒ giÃ¡ ráº¥t ráº» vÃ  cÃ³ hÃ ng. ï¿½ï¿½ qua cá»­a hÃ ng há»i nhÃ¢n viÃªn tráº£ lá»i táº¡m háº¿t hÃ ng ï¿½ï¿½,doesn't recommend
54,"mÃ¬nh má»›i qua Cáº§u Giáº¥y mua S7, anh quáº£n lÃ½ tÆ° váº¥n nhiÃªt tÃ¬nh mÃ  chiá»u khÃ¡ch ná»¯ ghÃª :D Chá»— Ä‘á»ƒ xe cá»­a hÃ ng mÃ  thÃ´ng thoÃ¡ng vá»›i cÃ³ báº£o vá»‡ thÃ¬ tuyá»‡t vá»i luÃ´n, vote máº¡nh :)",recommends
55,Má»©c giÃ¡ bÃ¡n táº¡i cá»­a hÃ ng MobileCity ráº¥t tuyá»‡t :),recommends
56,Má»™t Ä‘á»‹a chá»‰ uy tÃ­n Ä‘á»ƒ mua hÃ ng. Cáº£m Æ¡n cÃ¡c báº¡n Ä‘Ã£ hÆ°á»›ng dáº«n nhiá»‡t tÃ¬nh trong viá»‡c tÆ° váº¥n mÃ¡y cÅ©ng nhÆ° up rom cho mÃ¡y redmi note 4x mua táº¡i cá»­a hÃ ng áº¡.,recommends
57,Fanpage nháº¯n tin khÃ´ng ai tl,doesn't recommend
58,"MÃ¡y á»Ÿ Ä‘Ã¢y khÃ´ng Ä‘Ãºng vá»›i sáº£n mÃ  cá»­a hÃ ng quáº£ng cÃ¡o , ra cá»­a hÃ ng xem thÃ¬ háº¿t hÃ ng. Cháº£ hiá»ƒu bÃ¡n hÃ ng kiá»u gÃ¬ gá»i Ä‘iá»‡n thoáº¡i báº£o cÃ³ mÃ  Ä‘áº¿n cá»­a hÃ ng báº£o khÃ´ng cÃ³ quÃ¡ chÃ¡n",doesn't recommend
59,"nhÃ¢n viÃªn ráº¥t nhiá»‡t tÃ¬nh vÃ  chu Ä‘Ã¡o , sp k biáº¿t tháº¿ nÃ o vÃ¬ má»›i mua dc hÆ¡n 1 thÃ¡ng nhÆ°ng cáº£m tháº¥y ráº¥t hÃ i lÃ²ng vá» thÃ¡i Ä‘á»™ phá»¥c vá»¥ cá»§a MC !",recommends
60,ThÃ¡i Ä‘á»™ cá»§a nhÃ¢n viÃªn phá»¥c vá»¥ táº¡i Mobile City ráº¥t thiáº¿u chuyÃªn nghiá»‡p! mÃ¬nh gá»i dt há»i con ip 6 lock 16gb cÃ²n hÃ ng khÃ´ng thÃ¬ báº£o cÃ²n! Ä‘áº¿n mua thÃ¬ nhÃ¢n viÃªn láº¡i báº£o chá»‰ cÃ²n loáº¡i 95% thÃ´i! cáº£m tháº¥y ráº¥t á»©c cháº¿! Ä‘Ã£ tháº¿ thÃ¡i Ä‘á»™ cá»§a nhÃ¢n viÃªn ná»¯ cÃ²n tá» ra ráº¥t khÃ³ chá»‹u. kbg ghÃ© qua cá»­a hÃ ng nÃ y ná»¯a,doesn't recommend
61,ThÃ­ch Ä‘iá»‡n thoáº¡i láº¯m cháº³ng cÃ³ tiá»n mua.  Duyá»‡t qua máº¥y bÃ i tháº¥y 1* nhiá»u quÃ¡. ThÃ´i cho 5* Ä‘á»ƒ bÃ¹ láº¡i . Æ¯á»›c gÃ¬ MC cho 1 con vá» Ä‘á»ƒ dÃ¹ng. Hjhj,recommends
62,mÃ¬nh Ä‘áº·c mua iphone 6 lock 64gb 99% mÃ  nháº¯n mÃ£i khÃ´ng tháº¥y tráº£ lá»i. khÃ´ng biáº¿t cháº¥t lÆ°á»£ng ra sao nhÆ°ng trÆ°á»›c máº¯t tháº¥y ráº¥t thiáº¿u chuyÃªn nghiá»‡p !,doesn't recommend
63,ÄÃ£ tá»«ng mua ip5 táº¡i Ä‘Ã¢y.ráº¥t Æ°ng vá» cháº¥t lÆ°á»£ng vÃ  cÃ¡ch phá»¥c vá»¥. ChÃºc MC nÄƒm má»›i thÃ nh cÃ´ng rá»±c rá»¡ ğŸ˜„ğŸ˜„ğŸ˜„,recommends
64,"ÄÃ£ tá»«ng mua vÃ  dÃ¹ng ráº¥t tá»‘t , tuyá»‡t vá»i , nice , very good , i like it",recommends
65,"BÃªn MC mÃ  cÃ³ cháº¿ Ä‘á»™ há»— trá»£ khÃ¡ch hÃ ng thu mua mÃ¡y vÃ  há»— trá»£ khÃ¡ch hÃ ng lÃªn Ä‘á»i mÃ¡y ná»¯a thÃ¬ tuyá»‡t vá»i, Ä‘áº·c biá»‡t lÃ  cÃ¡c sáº£n pháº©m iPhone",doesn't recommend
66,"HÃ ng ráº¥t OK,cháº¿ Ä‘á»™ báº£o hÃ nh tá»‘t,giÃ¡ cáº£ há»£p lÃ½ vÃ  nhÃ¢n viÃªn tÆ° váº¥n nhiá»‡t tÃ¬nh,dá»… thÆ°Æ¡ng :))",recommends
67,mÃ¬nh vÃ  anh trai mÃ¬nh Ä‘Ã£ Ä‘áº¿n Ä‘Ã¢y vÃ  mua nhiá»u sáº£n pháº©m smartphone cá»§a MC. cháº¥t lÆ°á»£ng mÃ¡y tá»‘t vÃ  thÃ¡i Ä‘á»™ phá»¥c vá»¥ cá»§a cÃ¡c báº¡n nhÃ¢n viÃªn ráº¥t nhiá»‡t tÃ¬nh vÃ  cá»Ÿi má»Ÿ.mong MC luÃ´n phÃ¡t triá»ƒn vÃ  thÃ nh cÃ´ng,recommends
68,"Cháº¥t lÆ°á»£ng quÃ¡ tá»‡. MÃ¡y vá»«a sá»­a xong Ä‘áº¿n láº¥y thÃ¬ bung náº¯p lÆ°ng, gáº¯n láº¡i vá» nhÃ  váº«n tiáº¿p tá»¥c bung. KhÃ´ng biáº¿t sá»­a kiá»ƒu gÃ¬ mÃ  há»ng thÃªm cáº£ mÃ n hÃ¬nh (khÃ´ng biáº¿t tháº­t hay lÃ  lÃ­ do Ä‘á»ƒ luá»™c Ä‘á»“). Phiáº¿u báº£o hÃ nh thÃ¬ ghi sai tÃªn mÃ¡y. ThÃ¡i Ä‘á»™ phá»¥c vá»¥ nhÃ¢n viÃªn rÃµ chÃ¡n.",doesn't recommend
69,"MoÌ£i ThÆ°Ì ÄÃªÌ€u TuyÃªÌ£t vÆ¡Ì€i . NhÃ¢n ViÃªn ThÃ¢n ThiÃªÌ£n NhiÃªÌ£t TiÌ€nh tÆ° vÃ¢Ìn . Æ¯ng CaÌi BuÌ£ng, ChÃ¢Ìm BuÌt 5 Sao. Mong CuÌ‰a HaÌ€ng LuÃ´n NhiÃªÌ£t tiÌ€nh vÆ¡Ìi khaÌch haÌ€ng nhÆ° vÃ¢Ì£y",recommends
70,"Náº¿u cÃ³ 0 sao cháº¯c mÃ¬nh cho luÃ´n. NÃ³i tháº­t cÃ¢u cÃ¡c báº¡n lÃ m Äƒn thÃ¡i Ä‘á»™ ráº¥t lá»‹ch sá»± nhÆ°ng mÃ  chuyÃªn mÃ´n vs cháº¥t lÆ°á»£ng thÃ¬ quÃ¡ kÃ©m, mÃ¬nh xin phÃ©p khÃ´ng dÃ¹ng tá»« bá»‘ lÃ¡o. Thay kÃ­nh ip5 lÃºc Ä‘áº§u kÃªu vá»¡ bt khÃ´ng pháº£i thay mhinh xong sau thÃ¬ kÃªu pháº£i thay mh máº¥t 750k. KhÃ¡ch khÃ´ng thay ná»¯a thÃ¬ mÃ£i khÃ´ng tráº£ mÃ¡y láº¡i rá»“i báº¯t khÃ¡ch Ä‘i bá»™ qua láº¥y cÅ©ng cháº³ng thÃ¨mâ€¦ More láº¯p láº¡i mÃ¡y cho khÃ¡ch. LÃ m Äƒn khÃ´ng Ä‘áº·t cÃ¡i tÃ¢m cÃ¡i Ä‘á»©c vÃ o thÃ¬ khÃ´ng bao giá» tá»‘t Ä‘Æ°á»£c Ä‘Ã¢u cÃ¡c báº¡n áº¡. NÃ³i váº­y cÅ©ng Ä‘á»§ hiá»ƒu khÃ´ng bao giá» mÃ¬nh tin tÆ°á»Ÿng vÃ  nghÄ© Ä‘áº¿n Mobile City khi quyáº¿t Ä‘á»‹nh mua hay sá»­a chá»¯a Ä‘iá»‡n thoáº¡i ná»¯a, dÃ¹ mÃ¬nh ráº¥t lá»‹ch sá»± vÃ  dá»… tÃ­nh rá»“i ThÃ¢n",doesn't recommend
71,tuyá»‡t vá»i Ã´ng máº·t trá»i,recommends
72,MÃ¬nh máº¥t tiá»n mua miáº¿ng dÃ¡n cÆ°á»ng lá»±c háº¿t 120k thÃ¬ Ä‘Æ°á»£c táº·ng cÃ¡i á»‘p lÆ°ng. NhÆ°ng mÃ  ko biáº¿t shop cá»‘ y hay vÃ´ Ã½ mÃ  bÃ¡n cho mÃ¬nh cÃ¡i cÆ°á»ng lá»±c ko vá»«a mÃ¡y 1 tÃ½ gÃ¬ ( quÃ¡ bÃ© so vá»›i mÃ n hÃ¬nh) - cÃ²n cÃ¡i á»‘p lÆ°ng thÃ¬ thÃ  ko táº·ng cÃ²n hÆ¡n ( cÅ©ng ko vá»«a vÃ  quÃ¡ bÃ©). NÃ³i chung lÃ  cÃ¡i cÆ°á»ng lá»±c vÃ  á»‘p lÆ°ng hoÃ n toÃ n cá»§a mÃ¡y khÃ¡c. DÃ¡n cÃ¡i cÆ°á»ng lá»±c chá»‰ lÃ m máº¥t tháº©m má»¹ cá»§a mÃ¡y mÃ¬nh. Mong shop sá»›m pháº£n há»“i Ä‘á»ƒ mÃ¬nh cÃ²n biáº¿t,doesn't recommend
73,"MÃ¬nh ráº¥t thÃ­ch cá»­a hÃ ng 398 Cáº§u Giáº¥y, nhÃ¢n viÃªn nhiá»‡t tÃ¬nh vui váº». ThÃ¡i Ä‘á»™ tá»‘t. Sáº½ á»§ng há»™ dÃ i dÃ i !. Äáº·c biá»‡t cáº£m Æ¡n báº¡n nhÃ¢n viÃªn tÃªn Äáº¡t Ä‘Ã£ nhiá»‡t tÃ¬nh tÆ° váº¥n há»— trá»£ ká»¹ thuáº­t",recommends
74,HÃ ng ngon....mÃ¡y ráº¥t cháº¥t... Ä‘Ã£ mua 2 con á»Ÿ Mc tphcm ráº¥t hÃ i lÃ²ng cháº¥t lÆ°á»£ng mÃ¡y,recommends
75,"bÃªn mobile city lÃ m Äƒn khÃ¡ tá»‘t, Ä‘i sá»­a mÃ¡y bÃªn Ä‘Ã¢y cÅ©ng há»— trá»£ táº­n tÃ¬nh vÃ  há»— trá»£ giÃ¡, nhÃ¢n viÃªn chu Ä‘Ã¡o táº­n tÃ¬nh",recommends
76,TrÆ°á»›c cÃ³ mua 1 mÃ¡y khÃ´ng hiá»ƒu sao bá»‹ lá»—i cÃ¡c anh chá»‹ ráº¥t nhiá»‡t tÃ¬nh Ä‘á»•i mÃ¡y khÃ¡c cho mÃ¬nh ngay máº·c dÃ¹ mÃ¡y Ä‘Ã£ quÃ¡ thá»i gian bao test vÃ i hÃ´m nhÆ°ng váº«n linh Ä‘á»™ng tháº­t sá»± cáº£m tháº¥y ráº¥t hÃ i lÃ²n,recommends
77,"Vá»«a mua con 6+ á»Ÿ Ä‘Ã¢y. MÃ¡y ráº¥t ok, nhÃ¢n viÃªn tÆ° váº¥n nhiá»‡t tÃ¬nh ná»¯a. Láº§n sau cháº¯c cháº¯n sáº½ cÃ²n á»§ng há»™ dÃ i dÃ i ï¿½",recommends
78,"Máº·t tÆ° váº¥n vÃ  support khÃ¡ ok, cÃ³ báº¡n tÆ° váº¥n khÃ¡ch hÃ ng ráº¥t nhiá»‡t tÃ¬nh",recommends
79,Marketing ráº¥t tá»‘t cho 1 cá»­a hÃ ng uy tÃ­n NhÃ¢n viÃªn nhiá»‡t tÃ¬nh tÆ° váº¥n khÃ¡ch hÃ ng CÃ³ thá»ƒ gá»­i gáº¯m niá»m tin,recommends
80,"Vá»«a rá»“i cÃ³ Ä‘em cÃ¡i mÃ¡y mua á»Ÿ chá»— khÃ¡c Ä‘áº¿n cÃ i láº¡i room. TÃ´i tháº¥y ráº¥t hÃ i lÃ²ng, Mb lÃ m Äƒn ráº¥t uy tÃ­n. Sáº½ á»§ng há»™ Mb.",recommends
81,MÃ¬nh cÃ³ mua 1 con mi 5 á»Ÿ Ä‘Ã¢y cho cÃ´ dÃ¹ng.DÃ¹ng 1 thá»i gian cÃ³ hiá»‡n tÆ°á»£ng loáº¡n cáº£m á»©ng rá»“i hiá»‡n cháº¥m mÃ u trÃªn mÃ n hÃ¬nh. Mang ra cá»­a hÃ ng báº£o hÃ nh thÃ¬ thÃ¡i Ä‘á»™ cá»§a nhÃ¢n viÃªn khÃ¡ khÃ³ chá»‹u. cháº£ hiá»ƒu nhÃ¢n viÃªn á»Ÿ Ä‘Ã¢y coi khÃ¡ch hÃ ng ra j ná»¯a!,doesn't recommend
82,tÃ´i cÃ³ mua con Samsung A7 táº¡i 123 Tráº§n Quang Kháº£i. tÃ´i cáº£m tháº¥y hÃ i lÃ²ng. nhÃ¢n viÃªn ráº¥t vui váº» nhiá»‡t tÃ¬nh. cá»­a hÃ ng sáº¡ch sáº½. khÃ¢u chÄƒn sÃ³c khÃ¡ch hÃ ng tá»‘t,recommends
83,"MÃ¬nh Ä‘Ã£ mua máº¥y chiáº¿c Iphone á»Ÿ cá»­a hÃ ng cho mÃ¬nh vÃ  ngÆ°á»i thÃ¢n. MÃ¬nh tháº¥y cháº¥t lÆ°á»£ng ráº¥t ok, nhÃ¢n viÃªn ráº¥t thÃ¢n thiá»‡n, chu Ä‘Ã¡o.",recommends
84,bÃªn mÃ¬nh cÃ³ ship COD vá» Vinh khÃ´ng áº¡. Em muá»‘n mua mÃ¡y iPhone 6 Lock 95% áº¡. ???,recommends
85,BÃªn mÃ¬nh cÃ³ há»— trá»£ tráº£ gÃ³p cho mÃ¡y iphone cÅ© mÃ¬nh ráº¥t thÃ­ch cháº¿ Ä‘á»™ nÃ y vÃ¬ khÃ´ng pháº£i ai cÅ©ng cÃ³ tiá»n mua mÃ¡y má»›i,recommends
86,Cháº¥t lÆ°á»£ng sáº£n pháº©m cá»§a MC ráº¥t tuyá»‡t vá»i. ChÃºc MC lÃ m Äƒn phÃ¡t Ä‘áº¡t.,recommends
87,"Tháº­t tÃ¬nh cÅ©ng muá»‘n cho MC 5* láº¯m nhÆ°ng tháº­t sá»± tháº¥t vá»ng vá» máº¥y cÃ¡i má»› phá»¥ kiá»‡n theo cÃ¢y note5 n920p vá»«a má»›i mua, mÃ¬nh biáº¿t mua mÃ¡y cÅ© thÃ¬ sáº½ ko báº±ng mÃ¡y chÃ­nh hÃ£ng nhÆ°ng trÃªn web thÃ¬ Ä‘á»ƒ 1 Ä‘Æ°á»ng Ä‘áº¿n khi nháº­n hÃ ng thÃ¬ 1 náº½o , chuyá»ƒn tiá»n xong thÃ¬ Ä‘c bÃ¡o lÃ  ko cÃ³ sáº¡c nhanh sau khi mÃ¬nh dáº«n chá»©ng vÃ²ng vo má»›i Ä‘c cá»¥c sáº¡c vÃ  Ä‘á»— cho trÆ°Æ¡ng trÃ¬nh km koâ€¦ More náº¯m báº¯t ká»‹p (cÃ¡i nÃ y mÃ¬nh ko tin vÃ¬ mÃ¬nh mua á»Ÿ MC láº§n nÃ y ná»¯a lÃ  cÅ©ng 3..4 mÃ¡y rá»“i ).  MÃ¬nh Ä‘Ã£ Ä‘á»“ng Ã½ lÃ  bÃªn shop bÃ¡o bÃªn shop háº¿t há»™p note 5 thÃ¬ mÃ¬nh sáº½ láº¥y gáº­y selfie nhÆ°ng nhá»¯ng mÃ³n phá»¥ kiá»‡n nhÆ° tay nghe, que chá»c sim nÃ y kia Ä‘Äƒng trÃªn web Ã­t nháº¥t cÅ©ng pháº£i cÃ³.. Ä‘áº±ng nÃ y khui ra ko cÃ³ gÃ¬ háº¿t ngoÃ i cá»¥c sáº¡c( dt cho nhÃ¢n viÃªn thÃ¬ tráº£ lá»i lÃ  ko cÃ³)â€¦ More",doesn't recommend
88,CÃ³ con redmi 3 mua 3tr2 cáº£ bhv ... nÃ³i bh cáº£ nguá»“n vÃ  mÃ n hÃ¬nh mÃ  khi mÃ¬nh mang Ä‘áº¿n bh pin > háº¿t cháº¡y pm nÃ y ná» ... rá»“i quay sang thay pin ! Nv bÃ¡o thay pin rá»“i mÃ¬nh nháº­n mÃ¡y biáº¿t ngay lÃ  chÆ°a má»Ÿ mÃ¡y ra chá»© Ä‘á»«ng nÃ³i lÃ  thay pin ! ÄÃ¹a chá»© mua 2 mÃ¡y á»Ÿ Ä‘áº¥y ... á»Ÿ Hp nÃªn táº­n Hn mua mÃ¡y Ä‘i bhv 2 láº§n cáº£m tháº¥y á»©c cháº¿ tháº­t ... mua redmi thÃ¡ng 4 nÄƒm ngoÃ¡iâ€¦ More ... thÃ¡ng 11 mua con redmi 3x tháº­t sai láº§m ! Cá»­a hÃ ng khÃ¡ to vÃ  nhiá»u chi nhÃ¡nh ... cÃ³ cáº£ review! Náº£n ..... BÃªn cá»­a hÃ ng Ä‘Ã£ cÃ³ pháº£n há»“i ... mÃ¬nh sáº½ gá»­i mÃ¡y nÃªn bh trong ngÃ y vÃ  hi vá»ng sáº½ hÃ i lÃ²ng khi nháº­n mÃ¡y,recommends
89,"GiÃ¡ cáº£ ráº¥t tá»‘t rá»“i NhÆ°ng Cáº§n pháº£i cáº£i thiá»‡n dá»‹ch vá»¥ mua hÃ ng online báº±ng hÃ¬nh thá»©c ship cod, náº¿u sá»£ khÃ¡ch hÃ ng khÃ´ng láº¥y hÃ ng thÃ¬ lÃºc Ä‘áº·t hÃ ng MC nÃªn láº¥y trÆ°á»›c sá»‘ tiá»n ship, Ä‘á»ƒ khÃ¡ch hÃ ng Ã­t mua online Ä‘Æ°á»£c an tÃ¢m hÆ¡n",recommends
90,"MC Æ¡i tÃ´i á»Ÿ huáº¿ Ä‘Ã£ theo dÃµi kÃªnh youtube ráº¥t thÃ­ch cÃ¡c báº¡n review nhÆ°ng á»Ÿ xa quÃ¡, tÃ´i muá»‘n mua mÃ¡y thÃ¬ pháº£i lÃ m tháº¿ nÃ o ?",recommends
91,"Tuy cá»­a hÃ ng quáº£ng cÃ¡o khÃ¡ tá»‘t trÃªn youtube nhÆ°ng khÃ¢u bÃ¡n hÃ ng vÃ  chÄƒm sÃ³c khÃ¡ch hÃ ng láº¡i kÃ©m, nÃªn cháº¥n chá»‰nh láº¡i, náº¿u ok sáº½ háº¹n gáº·p láº¡i",recommends
92,Cá»‘ gáº¯ng lÃ m tá»‘t hÆ¡n ná»¯a nhÃ©. ChÃºc MC luÃ´n Ä‘Ã´ng khÃ¡ch! Hiá»‡n táº¡i ráº¥t hÃ i lÃ²ng vá» sáº£n pháº©m Ä‘Ã£ mua!,recommends
93,"Ráº¥t ghÃ©t cÃ¡i kiá»ƒu Ä‘Äƒng lÃªn web xong ra thÃ¬ khÃ´ng cÃ³ hÃ ng. Website nhÆ° Ä‘á»ƒ lÃ m cáº£nh, cháº³ng cáº­p nháº­t hÃ ng cÃ²n hay háº¿t. Xiaomi MI4 Ä‘á» giÃ¡ rÃµ ráº» nhÆ°ng ko bao giá» cÃ³ hÃ ng, giÃ¡ Ä‘á» máº·c Ä‘á»‹nh cá»±c ráº» cÃ¢u khÃ¡ch lÃ  giÃ¡ cá»§a mÃ u Ä‘en, mÃ  mÃ u Ä‘en bá»›i cáº£ HÃ  Ná»™i cÅ©ng cháº³ng cÃ³ thÃ¬ Ä‘á» lÃ m gÃ¬.",doesn't recommend
94,"Xem trÃªn web tháº¥y iphone 6 cÃ²n hÃ ng. Gá»i Ä‘iá»‡n há»i thÃ¬ báº£o lÃ  háº¿t hÃ ng, Ä‘Ã£ tháº¿ giÃ¡ thÃ¬ giáº£m liÃªn tá»¥c tÆ°á»Ÿng sáº½ mua Ä‘Æ°á»£c cÃ¡i vá» dÃ¹ng. LÃ m Äƒn tháº¿ thÃ¬ lÃ m lÃ m gÃ¬. quÃ¡ tháº¥t vá»ng",doesn't recommend
95,vá»«a mua mi4 á»Ÿ mc cáº§u giáº¥y nÃ³i chung nhÃ¢n viÃªn phá»¥c vá»¥ nhiá»‡t tÃ¬nh máº¥y anh ká»¹ thuáº­t hÄƒng hÃ¡i up rom cho khÃ¡ch vÃ  giáº£ quyáº¿t tháº¯c máº¯t ráº¥t táº­n tÃ¬nh mÃ¬nh ráº¥t thÃ­ch. ChÃºc MC lÃ m Äƒn phÃ¡t Ä‘áº¡t,recommends
96,NhÃ¢n viÃªn kÄ© thuáº­t táº§ng 3 ghÃ©t tháº¿ kb,doesn't recommend
97,"KhÃ´ng thÃ­ch mua hÃ ng tá»« xa mÃ  pháº£i chuyá»ƒn tiá»n tiá»n trÆ°á»›c cho láº¯m, khi nÃ o Quáº£ng NgÃ£i cÃ³ chi nhÃ¡nh sáº½ á»§ng há»™",doesn't recommend
98,Ok. Cá»­a hÃ ng lÃ m Äƒn rá»‘t tá»‘t. NhÃ¢n viÃªn ráº¥t nhiá»‡t tÃ¬nh vÃ  chu Ä‘Ã¡o. MÃ¬nh mua con mi4 á»Ÿ Ä‘Ã¢y cÅ©ng Ä‘c máº¥y thÃ¡ng rá»“i ráº¥t ok. Cá»‘ gáº¯ng phÃ¡t huy nhÃ©. ChÃºc cá»­a hÃ ng lÃ m Äƒn phÃ¡t Ä‘áº¡t. CÃ³ dá»‹p mÃ¬nh láº¡i mua tiáº¿p :),recommends
99,Sá»­a nhanh . má»—i tá»™i quÃªn  k láº¯p á»‘c  . nhÆ°ng k sao . cháº¿ Ä‘á»™ háº­u mÃ£i tá»‘t,recommends
100,Äi tá»« ThÃ¡i NguyÃªn xuá»‘ng mÃ  há»i mÃ¡y gÃ¬ cÅ©ng k cÃ³. ÄÃºng kiá»ƒu treo giÃ¡ ráº» hÆ¡n nhÆ°ng áº£o k cÃ³ hÃ ng bÃ¡n. Tháº¥t vá»ng,doesn't recommend
101,vÃ´ cÃ¹ng tháº¥t vá»ng vá»¥ tÄƒng giÃ¡ blackberry passport báº£n phÃ¡p !!!!,doesn't recommend
102,Mua chá»¥c mÃ¡y á»Ÿ Ä‘Ã¢y. VÃ  Ä‘á»u hÃ i lÃ²ng!,recommends
103,Buá»“n trÄ©u lÃ²ng :( khÃ´ng cÃ³ tiá»n mua mÃ¡y á»§ng há»™ shop haizz,recommends
104,"MÃ¡y cá»§a anh zai em cháº³ng biáº¿t bá»‹ gÃ¬ anh chá»‰ dáº·n mang qua 120 ThÃ¡i HÃ  báº£o cÃ¡c anh ká»¹ thuáº­t há»— trá»£, khÃ´ng máº¥t phÃ­ vá» anh em vui láº¯m cáº£m Æ¡n MobileCity",recommends
105,"Sau khi Ä‘Æ°á»£c anh quáº£n lÃ½ nhiá»‡t tÃ¬nh giÃºp Ä‘á»¡ thÃ¬ váº¥n Ä‘á» Ä‘Ã£ Ä‘Æ°á»£c giáº£i quyáº¿t, cáº£m tháº¥y khÃ¡ch hÃ ng Ä‘Æ°á»£c coi trá»ng. Ráº¥t hÃ i lÃ²ng vá»›i cháº¥t lÆ°á»£ng sáº£n pháº©m tuy nhiÃªn cáº§n cáº£i thiá»‡n chÃ­nh sÃ¡ch giao hÃ ng Ä‘i xa. ChÃºc MobileCity ngÃ y cÃ ng phÃ¡t triá»ƒn, má»Ÿ rá»™ng tá»›i ÄÃ  Náºµng thÃ¬ cÃ ng tá»‘t.",recommends
106,Ko biáº¿t cÃ¡c bá»™ pháº­n khÃ¡c ntn. NhÆ°ng NV tÆ° váº¥n fb thÃ¬ quÃ¡ tá»‡ï¿½,doesn't recommend
107,"Tay nghá» kÄ© thuáº­t viÃªn quÃ¡ tá»‡,mang con M7 qua thay pin lÃºc rÃ¡p láº¡i vá» há»Ÿ tÃ¬m lum láº¡i cÃ²n chit keo 502 vÃ o ná»¯a, cho 1 sao lÃ  Ä‘Ã£ quÃ¡ hÃ o phÃ³ng vá»›i cÃ¡c báº¡n rá»“i.",doesn't recommend
108,"HÃ´m nay Ä‘áº¿n chi nhÃ¡nh cáº§u giáº¥y,nhÃ¢n viÃªn bÃ¡n hÃ ng khÃ¡ tá»‘t,tÆ°Æ¡i cÆ°á»i,niá»m ná»Ÿ hÆ¡n nhÆ°ng kiáº¿n thá»©c hÆ¡i háº¡n cháº¿,máº¥y bÃ¡c ká»¹ thuáº­t thÃ¬ m váº«n thÃ­ch ThÃ¡i HÃ  hÆ¡n,mÃ  ráº¥t áº¥n tÆ°á»£ng vs quáº£ Xiaomi tv Ä‘áº¥y,cá»­a hÃ ng nÃªn bá»• sung thÃ´ng tin vá» dÃ²ng tv nÃ y",doesn't recommend
109,"Äáº·t trÆ°á»›c hÃ´m 13 báº£o chuyá»ƒn phÃ­ COD 50k cho MC. Ok mÃ¬nh chuyá»ƒn. Rá»“i láº¡i báº£o khÃ´ng chuyá»ƒn phÃ¡t Ä‘i xa Ä‘Æ°á»£c do 5s Ä‘en vÃ  tráº¯ng mÃ n hÃ¬nh Ã¡m vÃ ng sá»£ khÃ¡ch tráº£ trong khi mÃ¬nh sáºµn sÃ ng chuyá»ƒn 100% tiá»n . Ok .i'm fine . Báº£o giá»¯ giÃºp mÃ¬nh 5s mÃ u Ä‘en 32G á»Ÿ Ä‘Ã³ Ä‘áº¿n ngÃ y 15 mÃ¬nh qua láº¥y . Ok em sáº½ báº£o kÄ© thuáº­t check vÃ  giá»¯u giÃºp anh . Äáº¿n 14 gá»i Ä‘áº¿n báº£o cÃ²n mÃ uâ€¦ More vÃ ng mÃ u Ä‘en háº¿t rá»“i .TÃ´i quan trá»ng cháº¥t lÆ°á»£ng chá»© khÃ´ng pháº£i vÃ¬ cÃ¡i mÃ u vÃ ng mÃ  pháº£i bá» thÃªm 400k.Ok . Báº£o giá»¯ mÃ¡y 5s Ä‘en cho mÃ¬nh tá»« hÃ´m qua mÃ  Ä‘áº¿n chÆ°a Ä‘áº¿n ngÃ y háº¹n láº¥y Ä‘Æ°á»£c Ä‘Ã£ bÃ¡o háº¿t. Tháº¿ lÃ  cÃ¡c Ã´ng bÃ¡n mÃ¡y tÃ´i Ä‘áº·t hÃ´m trÆ°á»›c cho ngÆ°á»i khÃ¡c rá»“i cÃ²n gÃ¬ . LÃ m Äƒn kiá»ƒu gÃ¬ váº­y. Máº¥t cÃ´ng máº¥t buá»•i tháº¿ thÃ¬ sinh ra dá»‹ch vá»¥ ""bÃ¡n hÃ ng tá»« xa"" rá»“i ""Ä‘áº·t hÃ ng trÆ°á»›c"" lÃ m máº¹ gÃ¬ . Cá»© tháº±ng nÃ o Ä‘áº¿n trÆ°á»›c bÃ¡n trÆ°á»›c cho nhanh chá»© gá»i Ä‘iá»‡n hotline Ä‘áº·t hÃ ng cÃ¡c kiá»ƒu lÃ m gÃ¬. NhÆ° cÃ¡i chá»£",doesn't recommend
110,thÃ¡i Ä‘á»™ báº£o hÃ nh kem vÃ  cháº¥t lÆ°á»£ng mÃ¡y quÃ¡ kÃ©m . mÃ¬nh mua 1 em ip5s lock . Ä‘c hÆ¡n 1 thÃ¡ng thi bá»‹ ná»—i tÆ°j dÆ°ng dÃ¹ng bá»‹ sáº­p nguá»“n va bá»‹ ná»—i mÃ n hinh . sang sá»­a chÆ°a sem bÃ¡o giÃ¡ sá»­ 1 triÃªu má»‘t luÃ´n .minh Ä‘em ra ngoai sÆ°a mÃ¢t 10k dÃ¹ng ngon cha sao,doesn't recommend
111,"Em cÃ³ Ä‘áº¿n mua hÃ ng cá»§a mobile city 1 láº§n. LÃºc vÃ o bÃ¡c báº£o vá»‡ khÃ¡ niá»m ná»Ÿ vá»›i khÃ¡ch, chá»‰ cho em chá»— Ä‘á»— xe vÃ  cá»‘ gáº¯ng táº¡o chá»— Ä‘á»— xe cho em vÃ¬ cá»­a hÃ ng khÃ¡ Ä‘Ã´ng. NhÆ°ng Ä‘áº¿n vÃ o cá»­a hÃ ng láº¡i khÃ¡c, nhÃ¢n viÃªn bÃ¡n hÃ ngâ€¦ More khÃ´ng há» niá»m ná»Ÿ, khÃ´ng cÆ°á»i dÃ¹ chá»‰ má»™ láº§n, thÃ¡i Ä‘á»™ nhÃ¢n viÃªn khÃ´ng tá»‘t cÃ³ váº» lÃ  mua cÅ©ng Ä‘Æ°á»£c ko khÃ´ng mua thÃ¬ thÃ´i váº­y. Em mong mobile city cháº¥n chá»‰nh láº¡i phong cÃ¡ch bÃ¡n hÃ ng. Em cÅ©ng hiá»ƒu lÃ  hÃ´m em mua trá»i hÃ  ná»™i ráº¥t nÃ³ng láº¡i gáº§n vá» trÆ°a má»i ngÆ°á»i ráº¥t má»‡t nhÆ°ng Ä‘Ã³ khÃ´ng pháº£i lÃ  lÃ½ do.NhÆ°ng cÅ©ng pháº£i nÃ³i mÃ¡y mua á»Ÿ mobilecity cháº¥t lÆ°á»£ng tá»‘t chÆ°a cÃ³ lá»—i gÃ¬, cÅ©ng nhÆ° chÆ°a pháº£i báº£o hÃ nh láº§n nÃ o.",recommends
112,RÃ¢Ìt tuyÃªÌ£t vÆ¡Ì€i . NhiÃªÌ£t tiÌ€nh chu Ä‘aÌ€o vÆ¡Ìi khaÌch haÌ€ng :),recommends
113,MÃ¬nh muá»‘n mua 1 em ip6 lock nháº­t xem hwa cÃ³ 3tr580 Ä‘áº¿n sÃ¡ng nay xem thÃ¬ nÃªn 5tr9 . Mk cÃ³ gá»i cá»­a hÃ ng nhÆ°ng nv láº¡i báº£o k cÃ²n hÃ ng . MÃ  xem trÃªn wep váº«n bÃ¡o cÃ²n hÃ ng . Shop xem xÃ©t há»™ mk nhÃ©,doesn't recommend
114,nhÃ¢n viÃªn k Ä‘Æ°á»£c táº­n tÃ¬nh cho láº¯m. sinh viÃªn Ä‘áº¿n mua thÃ¡i Ä‘á»™ chÆ°a Ä‘k tá»‘t.á»Ÿ hcm,recommends
115,Web uy tÃ­n cháº¥t lÆ°á»£ng tá»‘t,recommends
116,"NhÃ¢n viÃªn nhiá»‡t tÃ¬nh chu Ä‘Ã¡o, cháº¿ Ä‘á»™ báº£o hÃ nh ráº¥t tá»‘t...Ä‘Ã¢y chÃ­nh lÃ  nÆ¡i Ä‘á»ƒ trao chá»n niá»m tin",recommends
117,"KhÃ´ng biáº¿t bÃªn cá»­a hÃ ng cÃ³ nháº­p láº¡i mÃ¡y khÃ´ng nhá»‰ , thÃ¡ng 1 nÄƒm nay mÃ¬nh cÃ³ mua cá»§a cá»­a hÃ ng em 6 lock gold 64g . Nay muá»‘n bÃ¡n láº¡i thÃ¬ giÃ¡ Ä‘c bao nhiÃªu nhá»‰ :)",recommends
118,"Cá»­a hÃ ng uy tÃ­n. ÄÆ°á»£c bÃ¡c chá»§ khÃ¡ lÃ  dá»… thÆ°Æ¡ng vÃ  lá»‹ch sá»±. Smartphone Ä‘a Ä‘áº¡ng, cháº¥t lÆ°á»£ng, giÃ¡ láº¡i tá»‘t.",recommends
119,MÃ¬nh muá»‘n mua ip5 cÅ© á»Ÿ Ä‘Ã¢y nhÆ°ng kb cháº¥t lÆ°á»£ng tháº¿ nÃ o vÃ¬ bh nhiá»u hÃ ng dá»±ng qua m.n cho Ã½ kiáº¿n áº¡,recommends
120,cháº¥t lÆ°á»£ng phá»¥c vá»¥ chu Ä‘Ã¡o,recommends
121,Ä‘á»‹nh mua mÃ¡y á»Ÿ Ä‘yÃ¢. 600 Ä‘Ã¡nh giÃ  thÃ¬ hÆ¡n 100 Ä‘Ã¡nh giÃ¡ ko tá»‘t. cáº£m tháº¥y hoang mang,doesn't recommend
122,Hy vá»ng mÃ¬nh chá»n khÃ´ng nháº­n nháº§m hÃ£ng. Cáº£m Æ¡n ï¿½,recommends
123,E á»Ÿ nghá»‡ an. Muá»‘n mua lg v1 online thÃ¬ tháº¿ nÃ o áº¡. k Ä‘c test táº­n tay nÃªn lo ngoáº¡i hÃ¬nh k Ä‘c 99%. VÃ  chÃ­nh sÃ¡ch báº£o hÃ nh cho ng á»Ÿ xa tháº¿ nÃ o váº­y a,doesn't recommend
124,HÃ´m vá»«a rá»“i mÃ¬nh cÃ³ ghÃ© cá»­a hÃ ng á»Ÿ 120 mua Mi 5s mÃ¡y sÃ i hiá»‡n táº¡i váº«n á»•n.MÃ  cÅ©ng áº¥n tÆ°á»£ng vá»›i cÃ´ báº¡n tÆ° váº¥n bÃ¡n hÃ ng nÃ³i chuyá»‡n dá»… thÆ°Æ¡ng ráº¥t nhiá»‡t tÃ¬nh nhá»› tÃªn báº¡n gÃ¡i Ä‘Ã³ tÃªn TÃº.,recommends
125,trÃªn cáº£ tuyá»‡t vá»i <3 <3 <3 MobileCity,recommends
126,ChÃ¡n shop quÃ¡ báº£o gá»­i cho em cÃ¡i dÃ¡n cÆ°á»ng lá»±c vá» khÃ´ng gá»­i láº¡i gá»­i 5 miáº¿ng dÃ¡n thÆ°á»ng :( táº·ng rá»“i táº·ng luÃ´n cÃ¡i dcl Ä‘i chá»© haizz,recommends
127,Má»›i ra cá»­a hÃ ng mua hÃ ng. Tháº¥y ráº¥t tá»‘t vá» nhiá»u máº·t. Sáº½ giá»›i thiá»‡u cho nhiá»u báº¡n bÃ¨ Ä‘áº¿n Ä‘Ã¢y mua hÃ ng ï¿½ï¿½. MÃ  a NgÆ°á»i Láº¡ nhÃ¬n cÅ©ng gáº§y nhá»‰,recommends
128,"MÃ¬nh mua cÃ¢y Meizu 3s táº¡i chi nhÃ¡nh 398 Cáº§u Giáº¥y, nhÃ¢n viÃªn chu Ä‘Ã¡o thÃ¢n thiá»‡n, mÃ¬nh cÅ©ng mua thÃªm gÃ³i báº£o hÃ nh 12 thÃ¡ng chá»‰ 200k dc táº·ng luÃ´n gáº­y chá»¥p áº£nh vs á»‘p lÆ°ng.",recommends
129,Good. ngÆ°á»i nhÃ  giá»›i thiá»‡u vÃ  Ä‘ang dÃ¹ng ngon lÃ nh 1 em iPhone 6 QT 16GB ï¿½,recommends
130,NÃ³i thiá»‡t chÆ°a gáº·p 1 cá»­a hÃ ng nÃ o tá»‡ nhÆ° váº§y thÃ¡i Ä‘á»™ cá»§a nhÃ¢n viÃªn khi tháº¥y khÃ¡ch mua hÃ ng há»i tráº£ lá»i giá»‘ng kiá»ƒu khÃ´ng cáº§n khÃ¡ch váº­y . TÆ° váº¥n online báº­n mÃ  Ä‘áº¿n nÆ¡i tháº¥y toÃ n ngá»“i chÆ¡i gá»i Ä‘iá»‡n thoáº¡i Ä‘á»ƒ há»i cÃ²n hÃ ng k thÃ¬ mÃ¡y báº­n Ä‘áº¿n lÃºc Ä‘á»• chuÃ´ng gá»i cáº£ chá»¥c cuá»™c khÃ´ng ai báº¯t mÃ¡y Ä‘áº¿n nÆ¡i thÃ¬ báº£o lÃ  háº¿t hÃ ng khÃ´ng cÃ³ váº­y cho há»i khÃ´ng cÃ³ thÃ¬ dÃ¡n chá»¯ háº¿t hÃ ng lÃªn cho ngÆ°á»i ta biáº¿t chá»© lÃ m gÃ¬ mÃ  pháº£i giáº£m giÃ¡ Ä‘iá»‡n thoáº¡i Ä‘á»ƒ thu hÃºt khÃ¡ch,doesn't recommend
131,Good. ngÆ°á»i nhÃ  giá»›i thiá»‡u vÃ  Ä‘ang dÃ¹ng ngon lÃ nh 1 em iPhone 6 QT 16GB :D,recommends
132,tráº£ lá»i khÃ¡ch trÃªn page vÃ  web quÃ¡ cháº­m :(,doesn't recommend
133,"MÃ¡y ok,  mua con 5s quÄƒng quáº­t gáº§n nÄƒm rá»“i váº«n chÆ°a há»ng Ä‘á»ƒ lÃªn Ä‘á»i 6s",recommends
134,"trang ráº¥t tuyá»‡t vá»i   , admin ráº¥t thÃ¢n thiá»‡n lun rep cmt cá»§a m.n , cáº£m Æ¡n mobilecity Ä‘Ã£ táº¡o ra page nÃ y ráº¥t há»¯u Ã­ch , chÃºc mc pt hÆ¡n ná»¯a, bay xa hÆ¡n ná»¯a",recommends
135,coÌ 7 triÃªÌ£u nÃªn mua iphone qtÃªÌ hay lock nhiÌ‰ tiÃªu chiÌ duÌ€ng 1-2 nÄƒm nÆ°Ìƒa,recommends
136,thay mÃ n hÃ¬nh sony z3 mang vá» ko báº­t Ä‘c camera gá»i há»i báº£o há»ng camera vÃ  cá»­a hÃ ng Ä‘ang háº¿t. mang ra cellphones thay thÃ¬ há» báº£o main z3 bá»‹ chá»c ngoÃ¡i há»ng háº¿t ko pháº£i táº¡i camera. cÃ¡i mÃ n hÃ¬nh má»›i thay thÃ¬ Ä‘á»‘m sÃ¡ng lung tung.  bá»‹ máº¥y tháº±ng mobileCity lá»«a Ä‘áº£o Ä‘iÃªn háº¿t cáº£ tiáº¿t. kiá»‡n bá» máº¹ cm,doesn't recommend
137,"NhÃ¢n viÃªn bÃªn MobileCity nÃ³i chuyá»‡n ráº¥t dá»… thÆ°Æ¡ng, thÃ¡i Ä‘á»™ phá»¥c vá»¥ thoáº£i mÃ¡i, dá»… chá»‹u. Sáº½ á»§ng há»™ MobileCity dÃ i dÃ i <3",recommends
138,GiÃ¡ luÃ´n ráº» nháº¥t cháº¥t lÆ°á»£ng váº«n Ä‘Æ°a lÃªn hÃ ng Ä‘áº§u,recommends
139,Ráº¥t uy tÃ­n,recommends
140,CÃ³ cÃ¡ch nÃ o háº¡ ios 10 xuá»‘ng 9 khÃ´ng cÃ¡c anh Æ¡i,recommends
141,ráº¥t tá»‘t cáº§n phÃ¡t triá»ƒn hÆ¡n ná»¯a vá» giao diá»‡n,recommends
142,"mÃ¬nh khÃ´ng hÃ i lÃ²ng vá» báº£n ROM mÃ  bÃªn MC cÃ i... sau khi cÃ i 3 láº§n vá»›i 1 sá»‘ phiÃªn báº£n rom cho Redmid Note 3 thÃ¬ nÃ³ váº«n tháº¿. VÃ¢n tay dÃ¹ng Ä‘c máº¥y ngÃ y thÃ¬ cháº¿t ngá»§m luÃ´n, khá»Ÿi Ä‘á»™ng láº¡i mÃ¡y má»›i dÃ¹ng Ä‘c. ChÃ¡n cháº³ng muá»‘n ra cÃ i láº¡i mÃ¡y. Cáº¡n lá»i, tha thu lá»i luÃ´n, cÃ²n pháº§n cÃ²n láº¡i thÃ¬ á»•n",doesn't recommend
143,MuÃ´Ìn Ä‘ÄƒÌ£t em note 5 likenew bÃªn Shop maÌ€ nghe mÃ¢Ìy baÌ€i Ä‘aÌnh giaÌ cuÌ‰a moÌ£i ngÆ°Æ¡Ì€i vÃªÌ€ shop nÃªn Ä‘aÌ€nh thÃ´i.. mua maÌy Ä‘aÌƒ thÃªÌ luÌc baÌ‰o haÌ€nh chÄƒÌc k khaÌc miÌ€nh Ä‘i Äƒn xin shop qaÌ,doesn't recommend
144,LÃºc Ä‘áº§u tháº¥y thÃ¡i Ä‘á»™ nhÃ¢n viÃªn bÃ¡n hÃ ng mÃ¬nh cho 3* r NhÆ°ng khi Ä‘Ã³ láº¡i cÃ³ a Tuáº¥n nt cho mÃ¬nh Xin lá»—i vá» thÃ¡i Ä‘á»™ cá»§a nhÃ¢n viÃªn MÃ¬nh tháº¥y ráº¥t thoáº£i mÃ¡i nÃªn vote 5* cho cÃ¡c báº¡n ChÃºc MC ngÃ y cÃ ng lÃ m Äƒn phÃ¡t Ä‘áº¡t vÃ  thá»±c hiá»‡n Ä‘Ãºng nhá»¯ng gÃ¬ mÃ  cÃ¡c báº¡n Ä‘Ã£ há»©a vs khÃ¡ch hÃ ng,recommends
145,"ThÃ­ch nháº¥t cÃ¡i ""Há»i ngay Ä‘Ã¡p luÃ´n"" cá»§a cá»­a hÃ ng ráº¥t bá»• Ã­ch. ChÃºc cá»­a hÃ ng lÃ m Äƒn phÃ¡t Ä‘áº¡t, háº¹n láº§n sau tiáº¿p tá»¥c Ä‘Æ°á»£c mua hÃ ng á»Ÿ Mobilecity.",recommends
146,Mua hÃ ng á»Ÿ Ä‘Ã¢y á»•n khÃ´ng cÃ¡c bÃ¡c tháº¥y anh em tin tÆ°á»Ÿng nhiá»u nhÆ°ng chÆ°a mua chÆ°a tin bá»‘ con tháº±ng nÃ o cáº£ :v,recommends
147,"Xem cÃ¡i giÃ¡ thay kÃ­nh zen 5 tháº¥y ghi rÃµ rÃ ng lÃ  200k tÆ°á»Ÿng ráº», ai ngá» mang mÃ¡y vá» mobilecity cáº§u giáº¥y thÃ¬ há» báº£o lÃ  giÃ¡ Ä‘Ã³ lÃ  giÃ¡ thá»£ nháº­p, báº£o giÃ¡ chÃ­nh thá»©c lÃ  300k, thay mÃ n thÃ¬ báº¯t chá» lÃ¢u cÃ²n cháº­m háº¹n 30p, nhá»› Ä‘á»i.",doesn't recommend
148,Mua 1 em iPhone cho ngÆ°á»i nhÃ  á»Ÿ xa váº«n Ä‘ang dÃ¹ng ráº¥t á»•n tks MC,recommends
149,"Láº§n trÆ°á»›c qua sá»­a mÃ n hÃ¬nh Ä‘iá»‡n thoáº¡i, lÃºc trÆ°á»›c khi Ä‘i vÃ o web xem giÃ¡ lá»—i mÃ n hÃ¬nh cá»§a mÃ¬nh sá»­a háº¿t 350k váº­y mÃ  Ä‘áº¿n nÆ¡i nv bÃ¡o lá»—i y nhÆ° váº­y vÃ  tÃ­nh giÃ¡ 450k. Sau Ä‘Ã³ báº£o mÃ¬nh ra gháº¿ ngá»“i chá», sau khi chá» Ä‘Æ°á»£c 45' mÃ¬nh háº¿t kiÃªn nháº«n nháº¯c nhÃ¢n viÃªn bao giá» má»›i Ä‘áº¿n lÆ°á»£t mÃ¬nh thÃ¬ nháº­n láº¡i Ä‘Æ°á»£c cÃ¢u chá»‹ cá»© chá» thÃªm Ä‘i. LÃºc Ä‘Ã³ mÃ¬nh khÃ³ chá»‹u quÃ¡ rá»“i nÃªnâ€¦ More báº£o Ä‘á»‹nh cho chá» Ä‘áº¿n bao giá» thÃ¬ lÃºc Ä‘Ã³ nhÃ¢n viÃªn má»›i láº¥y mÃ¡y vÃ  nháº­n sá»­a cho mÃ¬nh. VÃ  táº¥t nhiÃªn hÃ´m Ä‘Ã³ ko pháº£i chá»‰ 1 mÃ¬nh mÃ¬nh ngá»“i chá» mÃ  ráº¥t nhiá»u khÃ¡ch khÃ¡c cÅ©ng trong th nhÆ° mÃ¬nh. Cuá»‘i cÃ¹ng 10h sÃ¡ng Ä‘i sá»­a vÃ  Ä‘Æ°á»£c háº¹n 4h chiá»u má»›i láº¥y mÃ¡y. Äá» nghá»‹ chá»§ hÃ ng xem láº¡i giÃ¡ cáº£ trÃªn web cÅ©ng nhÆ° cÃ¡ch hÃ nh xá»­ cá»§a nhÃ¢n viÃªn.",doesn't recommend
150,"CÃ¡c báº¡n tÆ° váº¥n ráº¥t nhiá»‡t tÃ¬nh, quan tÃ¢m Ä‘áº¿n má»i váº¥n Ä‘á» cá»§a khÃ¡ch hÃ ng, chÃºc cÃ¡c báº¡n bÃ¡n hÃ ng doanh thu cao nhÃ©",recommends
151,TÃ´i thÃ­ch mobile city,recommends
152,Mc lÃ m Äƒn ráº¥t tá»‘t.tÃ´i ráº¥t thÃ­ch,recommends
153,"ÄÃ£ mua vÃ  sá»­ dá»¥ng oke á»Ÿ mobile city. Nháº­n xÃ©t tháº­t lÃ²ng cho cÃ¡c bÃ¡c chÆ°a mua hÃ ng á»Ÿ Ä‘Ã¢y. 1 cá»­a hÃ ng tá»‘t, má»i thá»© Ä‘á»u oke, chá»‰ trá»« máº¥y báº¡n ná»¯ nhÃ¢n viÃªn tÆ° váº¥n á»Ÿ táº§ng 1. QuÃ¡ láº¡nh nháº¡t vá»›i khÃ¡ch hÃ ng, tÆ° váº¥n k nhiá»‡t tÃ¬nh. CÃ²n bá»™ pháº­n kÄ© thuáº­t táº§ng 2,3 thÃ¬ tuyá»‡t vá»i.",recommends
154,"K thá»ƒ cháº¥p nháº­n Ä‘Æ°á»£c kiá»ƒu lÃ m Äƒn kinh doanh cá»§a MC ná»¯a Mc bÃ¡n hÃ ng dá»±ng MC lÃ m Äƒn tháº¥t Ä‘á»©c Treo Ä‘áº§u dÃª bÃ¡n thá»‹t chÃ³ KhÃ¡ch bá» tiá»n mua 5 qt,nhÆ°ng láº¡i bÃ¡n mÃ¡y lock dá»±ng LÃ m Äƒn kiá»ƒu nÃ y thÃ¬ khÃ´ng trá»¥ Ä‘c lÃ¢u Ä‘Ã¢u Bá»±c mÃ¬nh vcc",doesn't recommend
155,"Ráº¥t tá»‘t, giÃ¡ láº¡i ráº»",recommends
156,"Tá»‘t tháº­t ,cÃ³ trÃ¡ch nhiá»‡m cao",recommends
157,"ráº¥t hÃ i lÃ²ng, chÃºc shop thÃ nh cÃ´ng!!!",recommends
158,"QuÃ¡ tuyá»‡t vá»i cho 1 em Note 3 XÃ¡ch tay má»›i mua á»Ÿ Ä‘Ã¢y. ÄÆ°á»£c máº¥y em tÆ° váº¥n nhiá»‡t tÃ¬nh, há»i cÃ¡c kiá»ƒu, Ä‘á»u ok háº¿t. Ngá»“i lá»³ test mÃ¡y cáº£ buá»•i mÃ  cÃ¡c em Ã½ váº«n vui tÆ°Æ¡i. Má»›i mua chÆ°a biáº¿t mÃ¡y dÃ¹ng tháº¿ nÃ o, nhÆ°ng thÃ¡i Ä‘á»™ phá»¥c vá»¥ ráº¥t tá»‘t. ChÃºc cÃ¡c báº¡n Ä‘áº¯t hÃ ng.",recommends
159,Cáº§n tÆ° váº¥n mua tráº£ gÃ³p ip6,recommends
160,Mua mÃ¡y bÃªn mc Ä‘Ã£ gáº§n 2 thÃ¡ng nay rá»“i mÃ  chÆ°a tháº¥y xuáº¥t hiá»‡n má»™t lá»—i gÃ¬ ï¿½ ChÃºc MC lÃ  Äƒn phÃ¡t Ä‘áº¡t bÃ¡n nhiá»u mÃ¡y hÆ¡n,recommends
161,CÃ³ nhá»¯ng cá»­a hÃ ng cháº¥p nháº­n háº¡ lÃ£i suáº¥t vÃ  bÃ¡n giÃ¡ má»m nhÆ° MobileCity thÃ¬ mÃ¬nh má»›i cÃ³ IP Ä‘á»ƒ dÃ¹ng,recommends
162,"MÃ¡y dÃ¹ng ráº¥t á»•n Ä‘á»‹nh, mÃ¬nh ráº¥t hÃ i lÃ²ng vá»›i cÃ¡ch phá»¥c vá»¥ cá»§a mobilecity <3 <3 <3",recommends
163,"má»›i mua con mi4 thÃ¡i Ä‘á»™ nhÃ¢n viÃªn tÆ° váº¥n nhiá»‡t tÃ¬nh tá»‘t , nhÆ°ng Ä‘ang Ä‘á»£i nháº­n hÃ ng khi nÃ o nháº­n Ä‘c hÃ ng mÃ¬nh sáº½ bÃ¡o  vÃ  sáº½ cho Ã½ kiáº¿n riÃªng cá»§a mÃ¬nh",recommends
164,IP ráº» mÃ  cháº¥t lÆ°á»£ng tháº­t. DÃ¹ng gáº§n 2 thÃ¡ng rá»“i váº«n tháº¥y á»•n Ä‘á»‹nh,recommends
165,Iphone 6 lock 16gb giaÌ‰m giaÌ liÃªn tuÌ£c nhÆ°ng chiÌ‰ laÌ€ giaÌ aÌ‰o. GoÌ£i Ä‘ÃªÌn thiÌ€ baÌo hÃªÌt haÌ€ng liÃªn tuÌ£c =)),doesn't recommend
166,Vá»«a mua IP hÃ´m táº·ng sáº¡c cÃ¡p. MÃ¡y good mÃ  máº¥y e bÃ¡n hÃ ng vui vÃ£i :)),recommends
167,CÃ¡c bÃ¡c Ä‘Ã£ mua mÃ¡y á»Ÿ Ä‘Ã¢y chÆ°a cho Ã½ kiáº¿n vá»›i xem trÃªn kÃªnh thÃ¬ Ä‘Æ°á»£c vote khÃ¡ nhiá»u,recommends
168,"Vá»«a dÃ¡n cÃ¡i cÆ°á»ng lá»±c RMN3P chá»— cá»­a hÃ ng Cáº§u Giáº¥y xong, tháº¥y máº¥y e á»Ÿ Ä‘Ã³ cÅ©ng khÃ¡ nhiá»‡t tÃ¬nh, chu Ä‘Ã¡o. CÃ¡i e mÃ  vá»«a dÃ¡n mÃ¡y cho a xong Ä‘áº¥y mÃ  cÃ³ Ä‘á»c Ä‘c thÃ¬ a khuyÃªn e nÃªn mua thuá»‘c uá»‘ng Ä‘i nhÃ¡, bá»‹ á»‘m tháº¿ mÃ  lÃ¢y qua cho khÃ¡ch lÃ  ko nÃªn Ä‘Ã¢u.",recommends
169,"Shop cá»‘ gáº¯ng nÃ¢ng cáº¥p láº§n sau tÃ´i Ä‘áº¿n nÃªn cÃ³ ngÆ°á»i dáº¯n xe, Ä‘i ra cÃ³ ngÆ°á»i láº¥y xe há»™ sáº½ tá»‘t hÆ¡n, chÃº báº£o vá»‡ giÃ  vÃ  khÃ´ng nhanh nháº¹n cho láº¯m =.=",recommends
170,"Mua cÃ¡i 6plus lock vá» ko dÃ¹ng Ä‘Æ°á»£c hÃ´m sau ra Ä‘á»•i láº¥y báº£n quá»‘c táº¿  ko cho Ä‘á»•i kÃªu ko cÃ³ chÃ­nh sÃ¡ch, chÃ¡n vá» vá»©t xÃ³ 2 tuáº§n chÆ°a thÃ¨m Ä‘á»™ng cháº¡m. VÃ  cuá»‘i cÃ¹ng mobilecity Ä‘Ã£ ráº¥t nhiá»‡t tÃ¬nh chá»§ Ä‘á»™ng liÃªn há»‡, táº¡o Ä‘iá»u kiá»‡n tá»‘t nháº¥t Ä‘á»ƒ giáº£i quyáº¿t váº¥n Ä‘á» cho khÃ¡ch hÃ ng hÃ i lÃ²ng. Máº·c dÃ¹ giÃ¡ cá»§a bÃªn mÃ¬nh cao hÆ¡n nhiá»u chá»—, nhÆ°ng Ä‘áº¿n thá»i Ä‘iá»ƒm nÃ y m tháº¥y cÅ©ng xá»©ng Ä‘Ã¡ng Ä‘á»ƒ mua giÃ¡ cao hÆ¡n bá»Ÿi cháº¿ Ä‘á»™ háº­u mÃ£i ráº¥t tá»‘t. Ráº¥t cÃ¡m Æ¡n!",recommends
171,Nháº¯n tin há»i vá» váº¥n Ä‘á» cá»§a mÃ¡y máº¥y láº§n mÃ  k thÃ¨m tráº£ lá»i luÃ´n,recommends
172,Trang page Ä‘Äƒng tin vá»› váº©n,doesn't recommend
173,"Review tá»‘t, báº£o hÃ nh ok, bÃ¡n hÃ ng tiáº¿p xÃºc khÃ¡ch cÃ²n chÆ°a thá»±c sá»± tá»‘t. Äá» nghá»‹ nhiá»‡t tÃ¬nh hÆ¡n ná»¯a",recommends
174,HaÌ€ng chÃ¢Ìt lÆ°Æ¡Ì£ng...0k,recommends
175,"Vá»«a mua 1 em Mi4 Ram 3gb á»Ÿ Ä‘Ã¢y, dÃ¹ng 2 tuáº§n rá»“i khÃ´ng lá»—i láº§m gÃ¬. cá»­a hÃ ng cÃ³ giÃ¡ tá»‘t nháº¥t thá»‹ trÆ°á»ng Ä‘áº¥y, thÃªm máº¥y em nhÃ¢n viÃªn xinh tÆ°Æ¡i thÃ¢n thiá»‡n ná»¯a! good good ;)",recommends
176,"Cáº£m tháº¥y hÃ i lÃ²ng vá»›i mobilecity, sáº£n pháº©m tá»‘t mÃ  giÃ¡ thÃ nh á»•n. Hi vá»ng mobilecity sáº½ giá»¯ mÃ£i Ä‘Æ°á»£c uy tÃ­n nhÆ° váº­y.mÃ¬nh mua hÃ ng tá»« xa nhÆ°ng cÃ¡c báº¡n khÃ´ng há» khiáº¿n mÃ¬nh tháº¥t vá»ng.cáº£m Æ¡n mobilecity ráº¥t nhiá»u",recommends
177,CÃ³ há»— trá»£ báº£o hÃ nh á»Ÿ xa khÃ´ng áº¡ em Ä‘á»‹nh mua mÃ  chá»‰ lo á»Ÿ xa báº£o hÃ nh khÃ³ thÃ´i,recommends
178,"Äang Ä‘á»‹nh mua mÃ¡y á»Ÿ Ä‘Ã¢y, nhÆ°ng tháº¥y cÃ³ phá»‘t nÃ y ná» láº¡i cháº£ dÃ¡m mua ná»¯a.",doesn't recommend
179,Con trai bÃ¡c lÃ m á»Ÿ Ä‘Ã¢y bÃ¡c Ä‘ang dÃ¹ng iphone 4s vÃ  tháº¥y ráº¥t á»•n Ä‘á»‹nh. ChÃºc anh chá»‹ em máº¡nh khoáº»,recommends
180,Shop bÃ¡n hÃ ng ráº¥t tá»‘t. NhÃ¢n viÃªn thÃ¬ ráº¥t thÃ¢n thiá»‡n !,recommends
181,"CÃ´ng ty tá»« váº¥n máº­p má», lÃ m Äƒn khÃ´ng rÃµ rÃ ng,tÆ° váº¥n fb má»™t kiá»ƒu, Ä‘áº¿n shop thÃ¬ nhÃ¢n viÃªn nÃ³i má»™t kiá»ƒu. trong khi Ä‘Ã£ há»i rÃµ lÃ  mua tráº£ gÃ³p mÃ¡y gÃ¬.nhÃ¢n viÃªn nÃ³i lÃ£i suáº¥t 3% vÃ  tráº£ tá»‘i thiá»ƒu 8 thÃ¡ng. trong khi tÆ° váº¥n fb thÃ¬ nÃ³i lÃ£i suáº¥t 1,68% vÃ  tráº£ tá»‘i tiá»ƒu 6 thÃ¡ng. Má»™t kiá»ƒu lÃ m Äƒn Ã©p khÃ¡ch vÃ  máº¥t khÃ¡ch luÃ´n. khÃ´ng bao giá» cÃ³ Ã½ Ä‘á»‹nh mua gÃ¬ táº¡i shop ná»¯a, khá»i giá»›i thiá»‡u khÃ¡ch luÃ´n",doesn't recommend
182,Ä‘á»‘i vá»›i tÃ´i hÃ´m nay. thÃ¬ tháº­t tuyá»‡t vá»i. thank mobile city. Ä‘áº·c biá»‡t lÃ  báº¡n Ã¡o Ä‘en,recommends
183,"MC Æ¡i, cho em há»i giá»¯a Galaxy A9 2016 vÃ  Mi 5S hay Mi 5s plus thÃ¬ nÃªn chá»n mÃ¡y nÃ o tá»‘t hÆ¡n. Em cáº§n 1 mÃ¡y cháº¡y mÆ°á»£t game vÃ  á»©nh dá»¥ng, mÃ n hÃ¬nh to, chá»¥p hÃ¬nh nÃ©t cáº£ Ä‘Ãªm láº«n ngÃ y",recommends
184,"Äáº¿n mua 4 láº§n thÃ¬ 3 láº§n Ä‘áº§u mua Ä‘Æ°á»£c mÃ¡y. Láº§n thá»© 4 thÃ¬ ko vá»«a lÃ²ng vá»›i thÃ¡i Ä‘á»™ phá»¥c vá»¥ cá»§a nv cá»­a hÃ ng. ThÃ¡i Ä‘á»™ phá»¥c vá»¥ cá»§a Ä‘á»™i ngÅ© má»›i ngÃ y cÃ ng kÃ©m, cháº¯c do Ä‘Ã´ng khÃ¡ch quÃ¡ nÃªn mua cÅ©ng Ä‘Æ°á»£c mÃ  ko mua thÃ¬ ""cÃºt"" Ä‘Ã¢y. Tá»« giá» sáº½ ko quay láº¡i mobilecity 1 láº§n nÃ o ná»¯a. Xem mÃ¡y ko vá»«a lÃ²ng muá»‘n Ä‘á»•i mÃ¡y khÃ¡c Ä‘á»ƒ xem thÃ¬ máº·t náº·ng mÃ y nháº¹, tá» ra ko muá»‘n phá»¥c vá»¥, thÃ¡i Ä‘á»™ khÃ³ chá»‹u.",doesn't recommend
185,Chá»‰ biáº¿t nÃ³i 2 tá»«. Tuyá»‡t vá»i,recommends
186,ÄÃ£ sai láº§m khi mua hÃ ng táº¡i Ä‘Ã¢y,doesn't recommend
187,Vá»«a mua má»™t em 5s bÃªn shop khÃ¡ Æ°ng Ã½. Hiá»‡n xÃ i váº«n chÆ°a cÃ³ báº¥t kÃ¬ lá»—i hay váº¥n Ä‘á» gÃ¬ Ä‘Ã¡ng nÃ³i ngoÃ i viá»‡c ios 9.2 chÆ°a jb Ä‘c. VÃ i bá»¯a á»•n Ä‘á»‹nh thÃ¬ mua thÃªm 1 em :) ChÃºc shop Ä‘áº¯t khÃ¡ch nhá»‰ :3,recommends
188,"TÃ´i má»›i tá»›i cá»­a hÃ ng xem iphone 5s lock mÃ u gold ,cÃ´ng nháº­n nhÃ¢n viÃªn nhiá»‡t tÃ¬nh va con ip5s gold  nhÃ¬n ko tráº§y ko mÃ³p ráº¥t Ä‘áº¹p.... nhÆ°ng mÃ¬nh thÃ¬ Ä‘ang Ä‘á»£i redmi 3 pro vá» mua.....",recommends
189,Cáº£m Æ¡n shop hÃ ng cháº¥t lÆ°á»£ng giÃ¡ cáº£ hÃ i lÃ²ng áº¡.,recommends
190,"Má»›i mua cÃ²n redmi note 2 á»Ÿ Ä‘Ã¢y.  nhÃ¢n viÃªn nhiá»‡t tÃ¬nh,  ktv nhanh láº¹.  giá» cáº§n tÆ° váº¥n 1 mÃ¡y mÃ n 6"" Ä‘á»™ phÃ¢n giáº£i 2k giÃ¡ há»£p lÃ½ ko qan trá»ng thÆ°Æ¡ng hiá»‡u.  nhá» ad giÃºp!  tks",recommends
191,"1 tuáº§n trÆ°á»›c mÃ¬nh Ä‘Ã£ Ä‘Ã¡nh giÃ¡ 1* cho MC vÃ¬ nhÃ¢n viÃªn bÃ¡n hÃ ng khÃ´ng biáº¿t vá» rÃµ gÃ³i báº£o hÃ nh cá»§a LG G4 lÃ m áº£nh hÆ°á»Ÿng Ä‘áº¿n thá»i gian cá»§a mÃ¬nh. NhÆ°ng khi mÃ¬nh pháº£n Ã¡nh láº¡i thÃ¬ nhÃ¢n viÃªn Ä‘Ã£ ráº¥t nhiá»‡t tÃ¬nh Ä‘á»ƒ kháº¯c phá»¥c sai sÃ³t. VÃ  bÃ¢y giá» mÃ¬nh ráº¥t ráº¥t hÃ i lÃ²ng khi Ä‘Ã£ mua Ä‘Æ°á»£c 1 con LG G4 sáº£n xuáº¥t thÃ¡ng 10/2015 bÃªn MC + vá»›i cháº¿ Ä‘á»™ báº£o hÃ nh nhÆ° hÃ ng chÃ­nhâ€¦ More hÃ£ng 12 thÃ¡ng bao gá»“m cáº£ nguá»“n vÃ  mÃ n hÃ¬nh. GiÃ¡ toÃ n bá»™ chá»‰ 5tr. Hiáº¿m cÃ³ cá»­a hÃ ng nÃ o dÃ¡m báº£o hÃ nh 12 thÃ¡ng :D NhÆ°ng hÆ¡i phÅ© cho mÃ¬nh lÃ  sau khi mua thÃ¬ vÃ i ngÃ y thÃ¬ e nÃ³ giáº£m 150k. MÃ  khÃ´ng sao, váº«n cho 5* vÃ¬ con G4 quÃ¡ Æ°ng Ã½ :)",recommends
192,Chua tháº¥y Ä‘Ã¢u nhu Mc  gá»i Ä‘iá»‡n há»i cÃ²n hÃ ng khÃ´ng nÃ³i cÃ²n.1 tiáº¿ng sau lÃªn thÃ¬ báº£o chá»‹ Ä‘á»£i e Ä‘i lay hÃ ng.Ä‘á»£i Ä‘Ãºng hon 45 mÃ¬nh mÃ  k há»i thÃ¬ chac mÃ¬nh Ä‘á»‘i Ä‘áº¿n sÃ¡ng luÃ´n..há»i láº¡i láº¡i báº£o lÃ  bÃ¢y gio k lay Ä‘Æ°á»£c hÃ ng vá».. tÃ³m láº¡i má»™t cÃ¢u lÃ  mÃ©o cÃ³ hÃ ng..  lÃ m Äƒn kiá»ƒu nÃ y Mc máº¥t uy tÃ­n quÃ¡ áº¡..láº§n Ä‘áº§u vÃ  láº§n cuá»‘i qua. MC.. UNLIKE,doesn't recommend
193,"GiÃ¡ tá»‘t, tÆ° váº¥n nhiá»‡t tÃ¬nh, like cho shop",recommends
194,má»›i mua iPhone 6 bÃªn MobileCity.... ÄÆ°á»£c máº¥y anh Ä‘áº¹p trai tÆ° váº¥n.. thÃ­ch tháº­t.,recommends
195,MÃ¬nh Ä‘Ã£ cÃ³ tráº£i nghiá»‡m tuyá»‡t vá»i khi Ä‘áº¿n mua hÃ ng táº¡i MobileCity quáº£ thá»±c lÃ  Good choice.,recommends
196,Nhiá»u chuyÃªn má»¥c hay .,recommends
197,CÃ³ Ä‘á»©a báº¡n lÃ m á»Ÿ Ä‘Ã¢y thÃ¬ cÃ³ Ä‘Æ°á»£c giáº£m giÃ¡ khÃ´ng ad :) Ä‘á»ƒ em mua 1 con dÃ¹ng nÃ o,recommends
198,Em á»Ÿ Huáº¿ muá»‘n mua Xiaomi Redmi Note 3 Pro 16gb cÃ³ ship hÃ ng khÃ´ng áº¡ (em Ä‘á»‹nh mua bÃªn DDTM Ä‘Ã  náºµng MÃ  giÃ¡ cao hÆ¡n bÃªn mobicity Ä‘áº¿n 400.000 Ä‘,recommends
199,buá»“n má»™t ná»—i lÃ  mobile city chÆ°a fix Ä‘Æ°á»£c háº¿t cÃ¡c lá»—i trÃªn ip lock cháº¡y ios 8.4.1 :(,doesn't recommend
200,"Mua mÃ¡y á»Ÿ Ä‘Ã¢y ráº¥t Æ°ng , ko chÃª gÃ¬ :D  NhÆ°ng nghe Ã½ kiáº¿n nhiá»u báº¡n báº£o cháº¿ Ä‘á»™ báº£o hÃ nh nhiá»u khi chÆ°a Ä‘Æ°á»£c tá»‘t , mÃ¬nh chÆ°a báº£o hÃ nh nÃªn chÆ°a biáº¿t :) Mong cá»­a hÃ ng sáº½ cÃ³ chÃ­nh sÃ¡ch cáº£i thiá»‡n, kháº¯c phá»¥c :D",recommends
201,á»¦ng há»™ shop vÃ  kÃªnh channel cá»§a 3 Ã´ng anh tháº§n thÃ¡nh kia:)) mong lÃ  shop sáº½ cÃ²n phÃ¡t triá»ƒn hÆ¡n vÃ  cá»‘ gáº¯ng cáº­p nháº­t giÃ¡ tá»‘t nháº¥t cÃ³ thá»ƒ Ä‘á»ƒ phá»¥c vá»¥ khÃ¡ch hÃ ng :),recommends
202,ÄÃ£ mua mÃ¡y á»Ÿ Ä‘Ã¢y 2 láº§n . Láº§n 1 mua ip5 thÃ¬ tháº¥y mÃ¡y dÃ¹ng khÃ¡ á»•n . Má»—i cÃ¡i nhanh háº¿t pin nhÆ°ng mua mÃ¡y cÅ© thÃ¬ chuyá»‡n pin chai mÃ¬nh k báº¯t báº» lÃ m gÃ¬. Láº§n 2 mua ip5s . Má»›i dÃ¹ng Ä‘c 26 ngÃ y. Äáº¿n hnay tá»± nhiÃªn Ä‘ang dÃ¹ng bt xáº£y ra tÃ¬nh tráº¡ng mÃ¡y k lÃªn mÃ n hÃ¬nh trong khi pin cÃ²n 61%. NÃºt Home vÃ  Nguá»“n k báº­t Ä‘c.  LÃªn máº¡ng tÃ¬m hiá»ƒu thÃ¬ tháº¥y ng ta báº£o do pin bá»‹ chai hoáº·c pin hÃ ng k chÃ­nh hÃ£ng ??? LÃ  ntn háº£ ad,doesn't recommend
203,Shop nÃ y cÃ³ dá»‹ch vá»¥ ship COD ráº¥t tá»‘t 5 sao,recommends
204,"Mua con Mi4 vá» thá»‰nh thoáº£ng fb,  lÆ°á»›t Web Ä‘c hÆ¡n 5 tiáº¿ng Ä‘Ã£ háº¿t sáº¡ch pin,  trong khi mÃ¡y khÃ¡c dÃ¹ng 7-8 tiáº¿ng. Mang Ä‘áº¿n cá»­a hÃ ng thÃ¬ nhÃ¢n viÃªn báº£o cÃ i láº¡i room, cÃ i láº¡i xong thÃ¬ váº«n tháº¿. ChÃ¡n cháº£ muá»‘n mang báº£o hÃ nh.",doesn't recommend
205,"Mua redmi note 3 Ä‘c 3 ngÃ y, tráº£i nghiá»‡m tá»‘t láº¯m, giÃ¡ tá»‘t, mÃ¡y ngon!  Thanks for mobilecity! ChÃºc cá»­a hÃ ng luÃ´n thÃ nh cÃ´ng!",recommends
206,E mua dt note 5 á»Ÿ mobilecity dc 2 thÃ¡ng cá»­a hÃ ng Ä‘Æ°a cho e cá»¥c sáº¡c Ä‘t e sáº¡c cáº£ ngÃ y pháº£i hÆ¡n 6 tiáº¿ng má»›i Ä‘áº§y .mobilecity giáº£i thÃ­ch giÃ¹m e vá»›i ak. LÃºc Ä‘Æ°a chá»‹ á»Ÿ cá»­a hÃ ng cÃ³ ns e chá»‰ cáº§n 2 tiáº¿ng lÃ  Ä‘áº§y. E Ä‘ang Ä‘i há»c bá»n e Ä‘iá»u kiá»‡n ra ngoÃ i ráº¥t khÃ³ khÄƒn nÃªn e chÆ°a cÃ³ Ä‘k Ä‘á»ƒ lÃªn há»i láº¡i .,recommends
207,Tháº¥y cÃ¡c fb cho 5sao toÃ n áº£o vÃ  má»›i thÃ nh láº­p Ä‘c 1-2 tuáº§n.. CÃ³ Ä‘á»©a á»Ÿ SÃ³c TrÄƒng cháº¡y bá»™ ra ch ThÃ¡i HÃ  Ä‘á»ƒ sá»­a Ä‘t rÃ¹i vá» tháº­t lÃ  nhÃ  giÃ u haha,doesn't recommend
208,BÃªn shop cÃ³ sáº¡c dá»± phÃ²ng cá»§a Xiaomi loáº¡i 10000mAh khÃ´ng hÃ ng chÃ­nh hÃ£ng FPT nhÃ©,recommends
209,"MÃ¬nh Ä‘ang nghiÃªn cá»©u 1 em flagship cá»§a tÃ u nhÆ°ng phÃ¢n vÃ¢n vá» pháº§n má»m, sá»± há»— trá»£ room, tiáº¿ng viá»‡t vÃ  Ä‘á»™ mÆ°á»£t mÃ  cá»§a room, cÃ¡c lá»—i váº·t, bung á»©ng dá»¥ng... Cho mÃ¬nh há»i mi ui, flyme os, e ui, .. loáº¡i nÃ o tá»‘t nháº¥t váº­y báº¡n hay pháº£i root dÃ¹ng room cm, omega, wannalite ngoÃ i. TÆ° váº¥n cho mÃ¬nh má»™t con ngon, mÃ n hÃ¬nh lá»›n, giÃ¡ khoáº£ng 6 - 7 triá»‡u?",recommends
210,LÃ m Äƒn vÃ´ cÃ¹ng chÃ¡n vÃ  thiáº¿u trÃ¡ch nhiá»‡m,doesn't recommend
211,Äá»‹nh mai qua mua con Ä‘t cÃ¹i ram 2G dÃ¹ng táº¡m. MÃ  vÃ o Ä‘á»c rÃ¬ viuuu nghe á»›n quÃ¡ váº­y ;'(,doesn't recommend
212,Chá»‰ lÃ  tÃ´i thÃ­ch mobilecity thÃ´i :)))),recommends
213,"LÃ  láº§n Ä‘áº§u mua mÃ¡y á»Ÿ Ä‘Ã¢y vÃ  cÅ©ng lÃ  láº§n cuá»‘i. M mua RMN3 á»Ÿ cho ngÆ°á»i nhÃ  á»Ÿ xa nÃªn ngay sau khi mua mÃ¡y á»Ÿ Ä‘Ã¢y Ä‘Ã£ gá»­i ngay vá» nhÃ  nhÆ°ng khi nháº­n mÃ¡y thÃ¬ gá»i Ä‘iá»‡n lÃªn báº£o lÃ  dÃ¢y sáº¡c trong há»™p khÃ´ng pháº£i loáº¡i cho mÃ¡y. Do cÃ³ viá»‡c nÃªn vá» táº­n nÆ¡i thÃ¬ tháº¥y lÃ  cÃ¡p TypeC trong khi RMN 3 lÃ  MicroUSB. Má»™t pháº§n cÅ©ng lÃ  do mÃ¬nh khÃ´ng kiá»ƒm tra ká»¹. NhÆ°ng khi Ä‘áº¿nâ€¦ More cá»­a hÃ ng Ä‘á»•i thÃ¬ thÃ¡i Ä‘á»™ máº¥y báº¡n nhÃ¢n viÃªn tá» ra khÃ´ng Ä‘Æ°á»£c thoáº£i mÃ¡i cho láº¯m, láº¡i cÃ²n há»i cÃ¢u ráº¥t ngÃ¢y ngÃ´ "" Tháº¿ má»™t tuáº§n rá»“i báº¡n khÃ´ng sáº¡c mÃ¡y Ã ???"".  MÃ¬nh nÃ³i tháº­t ngÆ°á»i khÃ³ chá»‹u pháº£i lÃ  mÃ¬nh má»›i pháº£i. ğŸ‘ ğŸ‘ ğŸ‘ ğŸ‘.",doesn't recommend
214,"Chua bao giá» tháº¥y 1 shop mobileCity nÃ o láº¡i nhiá»‡t tÃ¬nh nhÆ° váº­y. HÃ´m nay, mÃ¬nh cÃ³ vÃ´ cá»­a hÃ ng vÃ o Ä‘Ãºng giá» "" cao Ä‘iá»ƒm "". Máº·c dÃ¹ ráº¥t Ä‘Ã´ng,trá»i láº¡i nÃ³ng, loay hoang tÃ¬m á»‘p má»›i cho dáº¿ mÃ  mÃ£i ko tháº¥y, Ä‘á»•i qua Ä‘á»•i láº¡i. Cuá»‘i cung cÅ©ng tÃ¬m dk á»‘p Æ°ng Ã½. Pháº£i nÃ³i lÃ  sh phá»¥c vá»¥ ráº¥t chu Ä‘Ã¡o, Ä‘Æ¡n giáº£n chá»‰ lÃ  ""á»‘p"" thoii.",recommends
215,"HÃ´m trÆ°á»›c á»Ÿ xa nhá» con báº¡n mang báº£o hÃ nh má»™t con m4c tá»± dÆ°ng nháº­n sÃ³ng ko nháº­n sim NhÃ¢n viÃªn báº£o pháº£i cáº§m mÃ¡y 3-4 hÃ´m rá»“i liÃªn láº¡c láº¡i. Sau 3-4 hÃ´m khÃ´ng tháº¥y, giá»¥c con báº¡n alo láº¡i báº£o kháº£ nÄƒng thay main chiá»u hÃ´m sau sáº½ Ä‘iá»‡n láº¡i bÃ¡o. Tiáº¿p tá»¥c váº«n ko tháº¥y Ä‘Ã¢u pháº£i liÃªn láº¡c láº¡i vÃ  Ä‘á»©a báº¡n pháº£i nÃ³i giá»ng bá»©c xÃºc .... Rá»“i má»›i cÃ³ káº¿t quáº£. NÃ´n na Ä‘Ã£ láº¥yâ€¦ More Ä‘c mÃ¡y.  MÃ¬nh chá»‰ gÃ³p Ã½ tháº¿ nÃ y báº£o hÃ nh mÃ¡y Ä‘á»‘i vá»›i mÃ¬nh 15 hÃ´m quay Ä‘áº§u váº«n thoáº£i mÃ¡i chÃ¡n. NhÆ°ng Ä‘Ã£ háº¹n vá»›i khÃ¡ch hÃ ng liÃªn láº¡c láº¡i hay tháº¿ nÃ o Ä‘i chÄƒng ná»¯a lÃ  1 lá»i háº¹n nÃªn giá»¯ lá»i. P/s : Náº¿u cÃ³ nhu cáº§u váº«n sáº½ tiáº¿p tá»¥c mua mÃ¡y á»Ÿ Ä‘Ã¢y ( náº¿u cÃ³ ) Ä‘Ã£ mua á»Ÿ Ä‘Ã¢y Ã­t nháº¥t 4 con. VÃ¬ á»Ÿ xa chÆ°a Ä‘áº¿n trá»±c tiáº¿p Ä‘c. ChÃºc cho mobilecity ngÃ y cÃ ng phÃ¡t Ä‘áº¡t.",recommends
216,chÃºc cá»­a hÃ ng ngÃ y cÃ ng thÃ nh cÃ´ng. cÃ³ Ä‘iá»u kiá»‡n e xáº½ qua cá»­a hÃ ng Ä‘á»ƒ mua hÃ ng ;) máº·c dÃ¹ lÃ  chÆ°a mua hÃ ng á»Ÿ Ä‘Ã¢y láº§n nÃ o nhÆ°ng em cáº£m tháº¥y ráº¥t tin tÆ°á»Ÿng vÃ o mobileCity ;),recommends
217,H qua Ä‘áº¿n Mobil Cty mua mi4 3g. Tháº¥y nháº­n viÃªn nhiá»‡t tÃ¬nh trÃ¡ch nhiá»‡m Ä‘Ã¢u cÃ³ nhÆ° má»i ngÆ°á»i nÃ³i no kia. Máº¥y dÃ¹ng á»•n chÆ°a tháº¥y lá»—i gÃ¬ pin cÅ©ng trÃ¢u,recommends
218,"Tháº¥t vá»ng vá»›i cÃ¡ch phá»¥c vá»¥ cá»§a máº¥y báº¡n bÃ¡n hÃ ng , máº¥y hÃ´m trÆ°á»›c mÃ¬nh cÃ³ Ä‘áº¿n láº¥y 5s lock mua há»™ Ä‘á»©a em vÃ¬ trÆ°á»›c giá» mÃ¬nh cÅ©ng mua nhiá»u láº§n cá»§a cá»­a hÃ ng rá»“i tháº¥y dÃ¹ng á»•n nÃªn mua tiáº¿p . MÃ¬nh há»i mang cho mÃ¬nh 2 mÃ¡y Ä‘á»ƒ xem thÃ¬ báº¡n cÅ©ng mang ra bÃ¬nh thÆ°á»ng xong mÃ¬nh test 1 lÃºc ko Æ°ng láº¯m vÃ¬ mÃ¡y tá»¥t pin nhanh vá»›i láº¡i 1 mÃ¡y hÆ¡i xáº¥u , mÃ¬nh há»i cho xem 1â€¦ More mÃ¡y ná»¯a xem tháº¿ nÃ o thÃ¬ báº¡n bÃ¡n hÃ ng báº£o háº¿t rá»“i lÃ m ngÆ¡ nhÆ° kiá»ƒu ko muá»‘n cho mÃ¬nh mua mÃ¡y váº­y , vá»«a nÃ³i xong tháº¿ lÃ  cÅ©ng cÃ³ 1 ng Ä‘áº¿n mua mÃ¡y 5s tháº¿ lÃ  báº¡n láº¥y Ä‘Ã¢u ra 1 chiáº¿c ná»¯a trong khi mÃ¬nh váº«n cáº§m 2 mÃ¡y trÃªn tay mÃ  báº¡n áº¥y báº£o háº¿t mÃ¡y rá»“i . Tháº­t sá»± ko hiá»ƒu cÃ¡ch bÃ¡n hÃ ng nhÆ° váº­y lÃ  muá»‘n khÃ¡ch Ä‘áº¿n mua hay muá»‘n Ä‘uá»•i khÃ¡ch ná»¯a . Cuá»‘i cÃ¹ng mÃ¬nh Ä‘Ã nh tráº£ mÃ¡y ra vá» vÃ¬ cÃ¡ch phá»¥c vá»¥ cá»§a cá»­a hÃ ng nhÆ° kiá»ƒu ko tÃ´n trá»ng khÃ¡ch váº­y",doesn't recommend
219,"ÄÃ£ nháº­n Ä‘k quÃ  tá»« mobile city,thank mobile city nhiá»u nhÃ©",recommends
220,AD Æ¡i cho em há»i náº¿u mua mÃ¡y bÃªn mÃ¬nh kÃ¨m BHV bá»‹ vá»¡ máº·t kÃ­nh Ä‘Æ°á»£c báº£o hÃ nh Ä‘Ãºng khÃ´ng áº¡ em mua iphone áº¡ ?,recommends
221,Mua mÃ¡y táº¡i shop 3 láº§n vÃ  váº«n muá»‘n quay láº¡i ! Thank shop vÃ  chÃºc shop phÃ¡t tÃ i,recommends
222,"GiÃ¡ tá»‘t, phá»¥c vu nhiá»‡t tÃ¬nh, chÃºc MobileCity lÃ m Äƒn phÃ¡t Ä‘áº¡t áº¡.",recommends
223,"HÃ´m qua chÃ¡t vá»›i ad vá» note4 2 sim, báº£o cÃ²n hÃ ng táº¡i 120 TH. 15p sau cÃ³ máº·t thÃ¬ nv bÃ¡n hÃ ng nÃ³i háº¿t hÃ ng.. báº£o lÃ  anh vá»«a chat xong cÃ¡ch Ä‘Ã¢y máº¥y p thÃ¬ tráº£ lá»i em vá»«a bÃ¡n háº¿t. Láº§n nÃ y lÃ  láº§n thá»© máº¥y nghe tráº£ lá»i cÃ¢u nÃ y, cá»© máº·t hÃ ng nÃ o há»i mÃ  ko cÃ³ thÃ¬ báº£o e vá»«a bÃ¡n háº¿t... nghe quen quen. MC cÃ³ cÃ¡ch nÃ o Ä‘á»ƒ tÃ´i láº¥y láº¡i niá»m tin Ä‘Ã¢y? P/S: vá»«a chÃ¡t vá»›i 1 báº¡n, vÃ  nghe báº¡n giáº£ thÃ­ch cÅ©ng há»£p lÃ½ vÃ  mÃ¬nh cháº¥p nháº­n. vote láº¡i cho MC 5 sao.",recommends
224,"Vá»«a mua em iPhone 5s Lock á»Ÿ MC..vá» nhÃ  check pin má»›i sáº¡c cÃ³ 100 láº§n, dÃ¹ng sÆ°á»›ng tháº­t. 5 Sao cho cháº¥t lÆ°á»£ng luÃ´n.",recommends
225,Tuyá»‡t vá»i,recommends
226,"NÃ³i chung tháº¥y khÃ¡ á»•n vÃ¬ Ä‘Ã¢y lÃ  má»™t trong nhá»¯ng cá»­a hÃ ng mÃ¬nh tráº£i nghiá»‡m Ä‘áº§u tiÃªn, sáº½ tiáº¿p tá»¥c á»§ng há»™ cá»­a hÃ ng.",recommends
227,"CÃ¡c bÃ¡c lÃ m Æ¡n cho mÃ¬nh há»i cÃ³ ai Ä‘Ã£ tá»«ng thay mÃ n hÃ¬nh Mi4 chÆ°a áº¡? E Ä‘i báº£o hÃ nh cÃ¡i mhÃ¬nh bá»‹ 2 Ä‘á»‘m trÃªn mÃ n vá». Káº¿t quáº£: MÃ n ok nhÆ°ng phÃ¡t sinh lá»—i lÃ  máº¥t Ä‘Ã¨n phÃ­m Ä‘iá»u hÆ°á»›ng, há»Ÿ sÃ¡ng mÃ n hÃ¬nh á»Ÿ cáº¡nh Ä‘Ã¡y. Pháº£n áº£nh láº¡i ká»¹ thuáº­t thÃ¬ há» báº£o máº¥t Ä‘Ã¨n lÃ  do máº¥t táº¥m pháº£n quang, táº¥m nÃ y Ä‘i liá»n vs má»—i mh. Giá» ko kháº¯c phá»¥c Ä‘c. ChÃ¡n háº³n, cá»­a hÃ ng uy tÃ­n mÃ¬nh tá»«ng mua 4-5 con mÃ¡y á»Ÿ Ä‘Ã¢y. Láº§n Ä‘áº§u báº£o hÃ nh nhÆ°ng tháº­t sá»± ko Æ°ng Ã½ náº¿u k muá»‘n nÃ³i lÃ  khÃ¡ tháº¥t vá»ng. Ã kiáº¿n cÃ¡c bÃ¡c vá» vá»¥ nÃ y ntn áº¡? :(",doesn't recommend
228,Hdhshdhdhdhhshdhshshdhddd,doesn't recommend
229,Tuyá»‡t vá»i,recommends
230,Má»™t trong nhá»¯ng Ä‘á»‹a chá»‰ tin cáº­y Ä‘á»ƒ mua hÃ ng xÃ¡ch tay sau khi tráº£i nghiá»‡m vÃ  mua mÃ¡y á»Ÿ Ä‘Ã¢y.,recommends
231,Good! ï¿½,recommends
232,ChÆ°a bao giá» mua nhÆ°ng cÅ©ng á»§ng há»™,recommends
233,"Tá»•ng há»£p dá»‹ch vá»¥ trÃªn http://tuoitre. vn   - ÄÄƒng bÃ i (giÃ¡ liÃªn há»‡)   - BÃ¬nh luáº­n bÃ i viáº¿t  - giÃ¡ 200Ä‘   - ThÃ­ch bÃ¬nh luáº­n - giÃ¡ 250Ä‘   - Quan tÃ¢m bÃ i viáº¿t - GiÃ¡ 500Ä‘   - ThÃ­ch, chia sáº» bÃ i viáº¿t - giÃ¡ 60Ä‘   - TÄƒng G+ bÃ i viáº¿t - GiÃ¡ 500Ä‘   Chi tiáº¿t liÃªn há»‡ Mr KhÃ¡nh 0934225077   Yahoo/Skype: hanhtrinh24h    FB: quantamweb",recommends
234,TÃ´i táº¡o cho báº¡n 25000  backlinks cháº¥t lÆ°á»£ng báº±ng cÃ´ng cá»¥ GSA vá»›i giÃ¡ 500K â€“ LH: 0934225077,recommends
235,TÃ´i táº¡o cho báº¡n 25000  backlinks cháº¥t lÆ°á»£ng báº±ng cÃ´ng cá»¥ GSA vá»›i giÃ¡ 500K â€“ LH: 0934225077,recommends
236,HÃ´m nay Ä‘áº¿n mobile city Ä‘Æ°á»£c há»— trá»£ pháº§n má»m miá»…n phÃ­,recommends
237,thÃ­ch 3 anh review vote 5 sao :D,recommends
238,"HÃ´m bá»¯a qua há»i cho bÃ  xÃ£ con xm note 3,mÃ  máº¥y em nhÃ¢n viÃªn cá»© khinh khá»‰nh,,cháº¯c chÃª mÃ¬nh mua mÃ¡y tÃ u hay sao áº¥y!! NÃ³i chung MC lÃ m mÃ u Ä‘Æ°á»£c vÃ i bá»¯a thÃ´i,thÃ´i bá» ra thÃªm máº¥y trÄƒm sang háº³n tgdd hay fpt mua cho Ä‘á»¡ bá»±c mÃ¬nh....",doesn't recommend
239,"HÃ´m trÆ°á»›c em cÃ³ mua cá»¥c pin iphone 5 cá»§a shop sau khi vá» dÃ¹ng em tháº¥y nÃ³ dÃ¹ng dk cá»¡ 3h, thÃ¬ em cÃ³ táº£i á»©ng dá»¥ng battery life thÃ¬ nÃ³ bÃ¡o bin chai trong tÃ¬nh tráº¡ng ráº¥t tá»‡, liá»‡u pin cÃ³ sao ko shop mong shop tÆ° váº¥n giÃºp em cÃ¡i. Em cáº£m Æ¡n",doesn't recommend
240,muon mua may o day ma k biet the nao? hang dam bao hay k? ma con phai thanh toan 100% truoc khi hang chua ship,doesn't recommend
241,Mua 1 bá»™ phá»¥ kiá»‡n á»Ÿ Ä‘Ã¢y mÃ  chÃ¡n quÃ¡!,doesn't recommend
242,Tuyá»‡t vá»i,recommends
243,"Äang dÃ¹ng 5C, cáº£m tháº¥y ráº¥t Æ°ng vá» cháº¥t lÆ°á»£ng",recommends
244,<3 quÃ¡ tuyá»‡t vá»i,recommends
245,MÃ¬nh thay kÃ­nh á»Ÿ Ä‘Ã¢y giá» má»›i chá»¥p tá»± sÆ°á»›ng thÃ¬ máº¥t camera trÆ°á»›c rá»“i. Cáº£m tháº¥y tháº¥t vá»ng vch ra Ã½ áº¡,doesn't recommend
246,Cho há»i cá»­a hÃ ng cÃ³ bÃ¡n htc one m9 plÃº xÃ¡ch tay khÃ´ng vÃ  giÃ¡ em nÃ³,recommends
247,"MÃ¹ng 4.3.16 Ä‘á»©a em m cÃ³ mang con redmi3 bá»‹ treo logo sang cá»­a hÃ ng m Ä‘á»ƒ up rom há»™ .VÃ¬ m cÃ³ xem bÃ i viáº¿t trÃªn máº¡ng tháº¥y báº£o up free..váº­y mÃ  Ä‘áº¿n nÆ¡i. Ká»¹ thuáº­t báº£o ko páº£i mÃ¡y cá»§a shop, up máº¥t 100k...",doesn't recommend
248,"2 ngÃ y trÆ°á»›c (22/2) mÃ¬nh Ä‘áº¿n há»i mua 1 iphone 5s lock 16gb mÃ u vÃ ng.xem mÃ¡y 1 tháº¥y mÃ³p vs xÆ°á»›c nhiá»u.mÃ¬nh yÃªu cáº§u Ä‘á»•i mÃ¡y khÃ¡c.nhÆ°ng Ä‘á»£i ráº¥t lÃ¢u ms cho xem cÃ¡i thá»© 2 mÃ¬nh cÅ©ng thÃ´ng cáº£m vÃ¬ khÃ¡ch Ä‘Ã´ng.xem thá»© 2â€¦ More thÃ¬ bá»‹ Ã¡m tÃ­m.mÃ¬nh há»i nhÃ¢n viÃªn thÃ¬ nhÃ¢n viÃªn báº£o cÃ¡i nÃ o cÅ©ng bá»‹ Ã¡m k Ã­t thÃ¬ nhiá»u vs thÃ¡i Ä‘á»™ ráº¥t bÃ¬nh thÆ°á»ng.k biáº¿t  mÃ¡y toÃ n Ä‘á»ƒu cáº£ hay sao.??? Rá»“i mÃ¬nh xem cÃ¡i thá»© 3 cÃ¡i nÃ y á»•n nháº¥t nhÆ°ng test vÃ¢n tay k nháº¡y tÃ­ nÃ o.báº¡n nhÃ¢n viÃªn lÃ m nhÆ° kiá»ƒu mÃ¬nh k biáº¿t test vÃ  thÃ¡i Ä‘á»™ khÃ³ chá»‹u.nhÆ°ng báº¡n nhÃ¢n viÃªn test láº¡i dk nc k nháº¡y láº¯m Sau khi xem xÃ©t 1 há»“i thÃ¬ mÃ¬nh quáº¿t Ä‘á»‹nh mua vÃ¬ sá»£ tes nhiá»u quÃ¡. Khi mua mÃ¡y vá» thÃ¬ mÃ¡y k báº¯t dk wifi khi báº¯t dk thÃ¬ cá»±c yáº¿u vÃ  nhanh bá»‹ rá»›t.nháº­p máº­t kháº©u Ä‘Ãºng nÃ³ váº«n bÃ¡o sai. Pin thÃ¬ vá»«a bÃ¡o áº£o,tá»¥t 1 phÃ¡t 3%.tÃ­nh trung bÃ¬nh 2phut tá»¥t 1%. á» cháº¿ Ä‘á»™ chá». SÃ³ng k báº­t 3g váº«n 2 váº¡ch. Váº¡y ráº¥t mong dk Ä‘á»•i mÃ¡y mÃ¡y khÃ¡c. Äá»“ng thá»i Ä‘á» nghá»‹ cá»­a hÃ ng test kÄ© cháº¥t lÆ°á»£ng mÃ¡y.",doesn't recommend
249,CÃ³ cÃ²n Samsung S7 Edge khÃ´ng AD Æ¡i em muá»‘n Oder 1 cÃ¢y,recommends
250,"Em Ä‘Ã£ láº¥y 2 mÃ¡y iPhone 5 quá»‘c táº¿ á»Ÿ Ä‘Ã¢y. 1 láº§n trÆ°á»›c Táº¿t, 1 láº§n sau Táº¿t thÃ¬ 2 láº§n Ä‘á»u ráº¥t Ä‘Ã´ng (ngÃ y lá»… mÃ  !!)  nhÆ°ng khÃ´ng láº§n nÃ o cáº§n thiáº¿t pháº£i nÃ³i quÃ¡ vá» thÃ¡i Ä‘á»™ cá»§a nhÃ¢n viÃªn cáº£. KhÃ´ng pháº£i em Ä‘Ã¡nh giÃ¡ tá»‘t cá»­a hÃ ng nhÆ°ng báº£n thÃ¢n em Ä‘á»©ng xem máº¥y anh xung quanh há»i mÃ  nhÆ° ""tra kháº£o""  váº­y @@. CÃ³ thá»ƒ cÃ¡c anh chÆ°a cÃ³ Ä‘áº§y Ä‘á»§ thÃ´ng tin vá» mÃ¡y nhÆ°ngâ€¦ More cÅ©ng nÃªn chá»‹u khÃ³ láº¯ng nghe ngÆ°á»i ta nÃ³i hoáº·c lÃ  ngÆ°á»i Ä‘á»©ng bÃªn cáº¡nh chá»© láº¥y cáº£ máº¥y mÃ¡y rá»“i chá»n Ä‘i chá»n láº¡i, cuá»‘i cÃ¹ng cÅ©ng khÃ´ng chá»n Ä‘Æ°á»£c mÃ¡y nÃ o... CÃ¡ch Ä‘Ã¢y 2 nÄƒm em cÅ©ng tá»«ng bÃ¡n Ä‘iá»‡n thoáº¡i xÃ¡ch tay HÃ n em biáº¿t. MÃ¡y cÅ© cÃ³, mÃ¡y má»›i cÃ³, mÃ¡y em nháº­p tá»« HÃ n chá»‰ chá»n hÃ ng Ä‘áº¹p nÃªn khÃ¡ch hÃ ng khÃ´ng pháº£i lá»±a nhiá»u.  VÃ  cÅ©ng khÃ´ng cáº¡nh tranh khá»‘c liá»‡tâ€¦ More",recommends
251,Báº£o hÃ nh ráº¥t Æ°ng áº¡.,recommends
252,"DV dang tin quang cao truc tuyen la mot dich vu giup ban dang tin, cac bai quang cao cua ban duoc pho bien khap cac dien dan lon nho, cac site mua ban uy tin. Cac ban khong con phai ngoi hang gio de thuc hien cong viec dang tin nua, da co chung toi   Lien he: 0934225077",recommends
253,"ChÃºc gia Ä‘Ã¬nh MobileCity lÃ m Äƒn phÃ¡t Ä‘áº¡t vÃ  phÃ¡t triá»ƒn máº¡nh hÆ¡n ná»¯a,Ä‘Æ°a tá»›i cÃ¡c sáº£n pháº©m tá»‘t cho ngÆ°á»i tiÃªu dÃ¹ng!!!! :)",recommends
254,Cho em há»i samsung J5 phiÃªn báº£n 2015 sao lai ko lÃªn android 6.0.1 mÃ  á»Ÿ an quá»‘c láº¡i lÃªn,recommends
255,Äá»£t vá»«a rá»“i Ä‘ang cáº§n tÃ¬m hiá»ƒu quÃ¡n sá»­a chá»¯a cÃ³ shop nÃ y lÃ m Äƒn  ok,recommends
256,Má»›i mua sony Z3 cÅ© cá»§a shop. Mong ráº±ng Ä‘áº·t niá»m tin Ä‘Ãºng chá»‘ :),recommends
257,ChÃ o shop! e mua 1 e 5s lock tá»« thÃ¡ng 4 . NhÆ°ng giá» mic camera ko hoáº¡t Ä‘á»™ng ná»¯a e muá»‘n sá»­a thÃ¬ máº¥t phÃ­ nhiá»u khÃ´ng áº¡ !!!,recommends
258,"iphone 6 vá»¡ máº·t kÃ­nh mang ra Ä‘Ã¢y thay, Ã©p máº·t kÃ­nh xong dÃ¹ng Ä‘Æ°á»£c 7 ngÃ y mÃ n hÃ¬nh lÃºc tá»‘i om, gáº¡ch dá»c nháº±ng nhá»‹t, cáº£m á»©ng lung tung. Pháº£i mang sang bÃªn khÃ¡c thay mÃ n.",doesn't recommend
259,Cho mÃ¬nh há»i táº§m 7 Ä‘áº¿n 8 triá»‡u mÃ¬nh lÃªn mua mÃ¡y nÃ o mÃ¬nh Ä‘ang phan van s7 cÅ© vá»›i iphone 6plus cÅ©,recommends
260,"HÃ´m nay phi tá»« ThÃ¡i NguyÃªn xuá»‘ng mua em mi4c 32gb ráº¥t hÃ i lÃ²ng vá»›i cá»­a hÃ ng, gÃ³p Ã½ thÃªm lÃ  táº§ng 2 há»— trá»£ nÃªn cho thÃªm gháº¿ chá» nhÃ© hÃ´m nay Ä‘Ã´ng ngÆ°á»i chá» lÃ¢u mÃ  chá»‰ cÃ³ 3 gháº¿ thÃ´i >.<",recommends
261,K tháº¥y ad tráº£ lá»i,recommends
262,"ÄÃ£ mua vÃ  giá»›i thiá»‡u báº¡n bÃ¨ mua gáº§n chá»¥c con rá»“i, quÃ¡ á»•n :))",recommends
263,MÃ¬nh Ä‘Ã£ mua má»™t chiáº¿c iPhone 5 lock á»Ÿ Ä‘Ã¢y vÃ  tháº¥y khÃ¡ Æ°ng Ã½. Sáº½ cÃ²n quay láº¡i ná»¯a.,recommends
264,Cho há»i Ä‘Ã£ cÃ³ rom quá»‘c táº¿ cho meziu m3 note chÆ°a. Äá»£i 1 tuáº§n rá»“i ko tháº¥y pháº£n há»“i j,doesn't recommend
265,"HÃ´m vÃ o báº£o mÃ¡y bá»‹ máº¥y lá»—i Ä‘Æ¡ thÃ¬ kÃªu lÃ  cÃ¡i nÃ y lá»—i pháº§n má»m thÃ´i ,r mÃ¡y nÃ y má»›i bÃªn mÃ¬nh cÅ©ng chÆ°a rÃµ 1 sá»‘ cÃ¡i . báº£o cá»© dÃ¹ng xong bÃªn mobile sáº½ gá»i láº¡i Ä‘áº¿n kiá»ƒm tra. Xong CÅ©ng khÃ´ng tháº¥y gá»i láº¡i. Sau 25 ngÃ y quay láº¡i thÃ¬ váº«n miáº¿ng dÃ¡n mÃ n hÃ¬nh nhÆ° ngÃ y Ä‘áº§u tiÃªn mua mÃ¡y. á»p há»i thÃ¬ nhÃ¢n viÃªn cá»¥t lá»§n 1 cÃ¢u k cÃ³. Nghe nhÆ° l** áº¥y. CÃ²n cáº§m cáº£ giáº¥y báº£o hÃ nh cá»§a mÃ¬nh.  Háº¿t sá»©c bá»±c mÃ¬nh vÃ  máº¥t cmn tin tÆ°á»Ÿng vÃ o cÃ¡i gá»i lÃ  báº£o hÃ nh vÃ ng",doesn't recommend
266,chÃ o cÃ¡c anh em cÃ³ xem máº¥y cÃ¡i video á»Ÿ trÃªn youtobe nÃ³i vá» samsung galaxy s7 hÃ ng Ä‘Ã i loan liá»‡u cÃ³ tÃ´t khÃ´ng mong cÃ¡c anh tÆ° váº¥n giÃºp em,recommends
267,May rat thich xem hoi di dap luon cua mobilecity.,recommends
268,Ad cÃ³ dth nÃ o táº§m chÆ°a Ä‘áº¿n  2trieu hoac chua Ä‘áº¿n 3 trieu. Ngon .cho e máº¥y máº©u xem e mua cÃ¡i,recommends
269,Muá»‘n mua cÃ¡i mÃ¡y mÃ  gá»i Ä‘iá»‡n cho chá»§ cá»­a hÃ ng lÃºc nÃ o cÅ©ng mÃ¡y báº­n . chÃ¡n,doesn't recommend
270,Xin há»i cá»­a hÃ ng cÃ²n cháº¿ Ä‘á»™ mua iPhone cÅ© Fullbox khÃ´ng áº¡ ?,recommends
271,Ad Æ¡i. LG V20 bÃªn miÌ€nh coÌ full box ko vaÌ€ bao nhiÃªu tiÃªÌ€n aÌ£?,recommends
272,TÃ´i ráº¥t tá»± hÃ o vá» cá»­a hÃ ng cá»§a cÃ¡c báº¡n,recommends
273,chÃºc mobile city lÃ m Äƒn phÃ¡t Ä‘áº¡t.,recommends
274,chÃºc MC ngÃ y cÃ ng lm Äƒn phÃ¡t Ä‘áº¡t  chÃºc 3 a TrÃ²n Láº¡ DÆ°Æ¡ng ngÃ y cÃ ng phong Ä‘á»™ ï¿½,recommends
275,cho mÃ¬nh há»i tÃ­ iphone 5s lÃ  mÃ¡y  99%  lÃ  shop,recommends
276,em 18 tuá»•i muá»‘n mua iPhone tráº£ gÃ³p thÃ¬ cáº§n nhá»¯ng cÃ¡i gÃ¬ áº¡ ?,recommends
277,"Dá»‹ch vá»¥ tÄƒng Like trá»n gÃ³i theo thÃ¡ng (NEW!) 2 Tr/ ThÃ¡ng / 1 Fanpage (hoáº·c trang cÃ¡ nhÃ¢n)   MÃ¬nh chá»§ Ä‘á»™ng theo dÃµi kÃªnh Fanpage k/h khi Post ná»™i dung má»›i sáº½ thá»±c hiá»‡n tÄƒng like   TÄƒng cho cÃ¡c má»¥c: Status, Photo, Album, Video, Sá»± kiá»‡n, Note   TÄƒng Comment, Rate (thá»a thuáº­n riÃªng)   KhÃ´ng háº¡n cháº¿ sá»‘ lÆ°á»£ng link Post / ngÃ y   Sá»‘ like/1 Link dao Ä‘á»™ng 500-2000    LH: 0934225077",recommends
278,Anh Æ¡i cho em mua Ä‘iá»‡n thoáº¡i qua máº¡ng thi Ä‘áº·t hÃ ng nhÆ° nÃ o áº¡,recommends
279,Phong cÃ¡nh lÃ m viá»‡c thiáº¿u chuyÃªn nghiá»‡p cÃ³ láº½ sáº½ khÃ´ng bao giá» Ä‘áº¿n Ä‘Ã¢y ná»¯a :(,doesn't recommend
280,Vua mua con A7 ma ko dc dan man hih vs cai rom quoc te +chplay. H lam sao day shop,recommends
281,Good job! ****************************************,recommends
282,"6 sao luÃ´n, nhÆ°ng cÃ³ 5 thÃ´i áº¡",recommends
283,Cáº§n thÃªm cá»§a hÃ ng o cÃ¡c tp o miá»n tay nhÆ° sadec cáº§n thÆ¡,recommends
284,"Rat ok,moi thu deu tot, minh thich noi nay",recommends
285,Shop ráº¥t nhiá»‡t tÃ¬nh,recommends
286,"Vá»› váº©n, sÃ¡ng chá»§ nháº­t 27/3 gá»i há»— trá»£ trÆ°á»›c, phi xe gáº§n 20km, Ä‘áº¿n nÆ¡i Ä‘Ã³ng cá»­a. BÆ°c cáº£ mÃ¬nh",doesn't recommend
287,Äang Ä‘á»‹nh mua con Z3V hÃ ng 99% onl(LÃ o Cai) ko biáº¿t mua onl cÃ³ gáº·p pháº£i hÃ ng ko ngon ko,recommends
288,Nhan vien nhiet tinh. May dung ok,recommends
289,"Em dang tim mua 1 cai op lung va 1 cai mieng dan kinh cuong luc dien thoai pantech v955 , cho anh chi co ban kg nhan ho dum em voi de em mua , so dt cua em 0907245773",recommends
290,Cach lam viec thieu trach nhiem. Minh mua may o cua hang gan 7trieu. Sau khi dung 1 nam. Giu gin may hon ca vang. Roi may bao loi sim. Mang ra cua hang giu may lai 3 ngay sau den lay.... MAY HONG ROI EM A. Moi. nguoi tu hieu ve c hang nay,doesn't recommend
291,Chua mua dt o mobilecity nhung thay moi nguoi khen nhieu . Chac may hom nua cung mua cai xem the nao .,recommends
292,Samsung S7 cÃ²n hÃ ng khÃ´ng AD Æ¡i AD rep gáº¥p nhÃ©,recommends
293,Nt hoi hoaj ma k thay ad nao tra loi het pun,recommends
294,Minh chua co co hoi dc den mobile city nen rat muon den 1 lan de ung ho mobile...,recommends
295,DA TRAI NGHIEM THAY RAT OK ! CHUC SHOP PHAT TAI,recommends
296,Khi nÃ o cÃ³ nhu cáº§u ms ghÃ© mua xem cá»­a hÃ ng tháº¿ nÃ o. Táº¡m 4s thÃ´i nhÃ©  :)),recommends
297,khi nÃ o má»›i cÃ³ tráº£ gÃ³p á»Ÿ SÃ i GÃ²n Ä‘Ã¢y AD Æ¡iiii,recommends
298,Shop mÃ¬nh cÃ²n hÃ ng iPhone 6 Plus khÃ´ng háº£ báº¡n Æ¡i,recommends
299,chÃºc page mobile city ngÃ y cÃ ng phÃ¡t triá»ƒn,recommends
300,ko cÃ³ j Ä‘á»ƒ nÃ³i :),doesn't recommend
301,- Gold :),recommends
302,Co may g4 cu ko mobile cyty,recommends
303,lÃ m Äƒn vá»› váº©n,doesn't recommend
304,Tuyá»‡t,recommends
305,Ráº¥t tá»‘t,recommends
306,ÄÄƒng cho cÃ³.Ä‘áº¿n mua láº¡i khÃ´ng cÃ³.,doesn't recommend
307,Máº¥y chá»‹ bÃ¡n hÃ ng á»Ÿ Ä‘Ã¢y cá»© bá»‹ xinh Ã½. Ahihi,recommends
308,Shop á»Ÿ Ä‘Ã  náº³ng thÃ¬ hay bik máº¥y,recommends
309,ThÆ°á»ng tráº£ lá»i trong vÃ i tiáº¿ng,doesn't recommend
310,Ráº¥t tá»‘t,recommends
311,Mobile city  Lá»«a Ä‘áº£o,doesn't recommend
312,hay,recommends
313,Mong ad ra nhiá»u event cho ae,recommends
314,Hay,recommends
315,Ráº¥t tá»‘t,doesn't recommend
316,Thich mobile city,recommends
317,dia chi trung thanh dai han cua minh,recommends
318,Ok good <3,recommends
319,CÃ³ máº¥y em lá»… tÃ¢n ngá»t pháº¿t,recommends
320,good,recommends
321,Good,recommends
322,Ngon,recommends
323,good,recommends
324,Good,recommends
325,5 sao,recommends
326,.muonmuav10lgmakobietgiacouadaigkiko,doesn't recommend
327,Oke,recommends
328,Good,recommends
329,Ngon,recommends
330,Ok,recommends
331,Fan cá»§a HÄÄL!,recommends
332,chÃºc page phÃ¡t triá»ƒn thá»‹nh vÆ°á»£ng,recommends
333,hk,recommends
334,Iphon5. S gia bao nhieu day ban,doesn't recommend
